"10","Quite ago play paper office hospital have wonder. Painting create wife. Look road article quickly.","Raise study modern miss dog","http://placekitten.com/400/400","citizen"
"16","Economy others kind company likely improve notice. True power home price check real leader. From animal exactly drive.","Whom around put","https://via.placeholder.com/400","realize"
"16","Those traditional page a although for study. Speak themselves speech. Nature white without study candidate.","Industry product another knowledge else","http://placekitten.com/400/400","behind"
"16","Take however ball ever laugh society technology. President stage population boy.","Best budget power them evidence","http://placekitten.com/400/400","under"
"8","Catch even front. Responsibility full per among clearly word.
House nature fall long dream answer. Tax rock few structure.","Policy head Mrs debate","http://placekitten.com/400/400","citizen"
"2","Cup determine his better. Million large major once quickly institution happy.","Turn phone heart","https://via.placeholder.com/400","case"
"17","Work chance image quite there many true follow. Your play themselves myself use act relationship.","Bit learn gun","http://placekitten.com/400/400","appliances"
"18","Movement out stay lot social. Parent do ten after those scientist.","Before some military outside baby","https://via.placeholder.com/400","authority"
"17","Along letter learn big sing after. Pay picture black near get himself simply make. Particular level place full.","Cell three own bank","https://picsum.photos/400","position"
"14","Effort ago mind notice then director simply.","Lay smile away","https://picsum.photos/400","clothes"
"4","Throw debate daughter purpose voice but according hard. Usually do center.","Store discover","https://via.placeholder.com/400","be"
"7","Production technology over hour reduce car. Nearly scientist central instead PM. Easy plan PM more.","Firm drug senior","https://picsum.photos/400","clothes"
"4","Report know second government the pull cultural be. Society figure future morning. Three seven attention team executive.","Where future model","https://picsum.photos/400","realize"
"10","Seem explain black leave. Himself former possible reach challenge value.","Life nice federal place score","https://via.placeholder.com/400","current"
"16","Father beautiful than seem sign third in approach. Program possible natural same issue lawyer effort.","That hair","https://picsum.photos/400","alone"
"10","Could cut pull save fine team. Lot the drive figure necessary. Leave right answer.","Agreement and hard","https://picsum.photos/400","outdoors"
"15","Expert commercial special network foreign one agent. Theory choice computer yard. Share sit simple notice. Dog car do his part.","Tonight particular smile represent since","https://picsum.photos/400","kitchen"
"10","Risk which gas kid rise price.
Public figure ground much run character. Make article drop.","I course first factor want","https://via.placeholder.com/400","books"
"18","Important enough most. Service north but west commercial may perform. Style record bag down stock computer watch.","Itself group computer forget","http://placekitten.com/400/400","kitchen"
"19","Address morning explain light alone mother. Energy rather lay return identify many again. Effect quite reflect.","Door green save identify","http://placekitten.com/400/400","citizen"
"13","Place myself his itself find add sing. Watch Mrs never wrong couple.","Race government trouble tonight former","https://via.placeholder.com/400","under"
"12","War unit back large. Tell time special beyond could key assume.","Physical market room eat","https://picsum.photos/400","position"
"15","Bank ten guess. Course book music amount.
Hotel by year player image central.","Camera report foreign agency list","http://placekitten.com/400/400","American"
"16","Son foreign remember site military. Your choice too need although one political.
Stand author possible lead draw learn.","Hold conference son spend ball","https://picsum.photos/400","sometimes"
"9","Understand consumer by full parent analysis. Recognize someone treatment over.","From her gun subject","https://picsum.photos/400","books"
"20","Wall various foreign agency when. Question analysis drive example color draw difficult there.","Ask benefit ago again","https://via.placeholder.com/400","citizen"
"12","Member mouth authority imagine probably whom. Time early high trouble drive loss.","Skin industry nothing rather","http://placekitten.com/400/400","realize"
"5","City truth ten seven both happy. Pick she picture send. Theory election rich foot herself.","Under require page claim","https://via.placeholder.com/400","kitchen"
"18","Tonight garden maybe forward reason. Worker season figure they yeah get. Memory who yet spend raise child above.","Party close","http://placekitten.com/400/400","clothes"
"8","Commercial kid approach heart sort popular. Free medical lay lose big strategy.","Important produce just raise enough","https://via.placeholder.com/400","citizen"
"1","Almost identify record. Make real use nice themselves gas best above.","Statement carry","https://via.placeholder.com/400","current"
"4","Partner story budget great than director. Place grow everyone win should research.","Very score loss","https://picsum.photos/400","maybe"
"20","Main fire range begin first. Star issue any side image. Customer force both something hair.","Left very your stock determine","http://placekitten.com/400/400","clothes"
"13","High she past especially old. Still quality political other begin war. Evening realize per probably.","Dinner indeed listen","http://placekitten.com/400/400","behind"
"18","Rich accept if share land involve education.","Star tell law go","https://picsum.photos/400","realize"
"5","Rich consumer type Republican organization. Charge read management production up our. Drug toward such.","In court hospital","https://picsum.photos/400","wind"
"2","Senior seem west hour less. Decide happy another image because include now.","Hospital wrong fish yeah","https://via.placeholder.com/400","sometimes"
"12","Second until direction opportunity very analysis. Phone nor as year look floor. Bring parent very.","Happen letter body language there","http://placekitten.com/400/400","water"
"13","Case yet between night western serious. Now minute technology only magazine.","My full need claim many","http://placekitten.com/400/400","citizen"
"7","Be add sound. Republican without mention get. Become me story but order leg food.","Bar standard","https://picsum.photos/400","appliances"
"6","Industry old effect fine speak majority. Remain interest college anything relationship local air.","Support realize cause","https://via.placeholder.com/400","clothes"
"1","Agree discussion star individual third want during. Can street race seat model similar sometimes.","Ground eat determine feeling certainly","https://picsum.photos/400","outdoors"
"2","Second late every include generation.","Talk mouth tonight","http://placekitten.com/400/400","kitchen"
"19","Look safe street. Part fund feeling cause stand.","Project happen white maybe","http://placekitten.com/400/400","behind"
"19","Adult others talk without. Stay describe time. Community whole growth speech across yard admit parent.","Smile create","https://via.placeholder.com/400","case"
"16","Particularly measure only wait. Town approach today all positive. Maybe information forward trouble.","Evening scene that himself floor","https://via.placeholder.com/400","sometimes"
"11","Range international everybody book. Meeting movie avoid American address simply.","Stuff section","https://via.placeholder.com/400","appliances"
"1","There certainly walk camera debate western store. Light environmental deep range ten television model.","Site car room father identify","https://via.placeholder.com/400","tech"
"15","Firm himself idea lose. Million trade century hundred themselves finish.","Debate late radio like","http://placekitten.com/400/400","case"
"4","Seven lose probably. Strategy receive rate oil.
Religious your outside. Particularly firm foreign involve.","Mention discussion maybe rise","https://via.placeholder.com/400","wind"
"7","Memory government image room analysis. Page clear newspaper ball may. Information fire purpose very them history tell.","Must toward","http://placekitten.com/400/400","tech"
"6","Dog among believe value fine staff that. Sign office until particularly.","Before wrong take old former","https://via.placeholder.com/400","water"
"1","Sense scientist bank result. System term social say about century debate officer. Industry certainly Mrs.","Wind consider that admit","http://placekitten.com/400/400","outdoors"
"1","School enter wind heavy. General television save.","System resource truth leave institution","http://placekitten.com/400/400","books"
"6","Officer police it house political energy song. Owner ahead generation shoulder day popular window key.","Cup man course teacher message","https://via.placeholder.com/400","current"
"11","Military plan school certainly. Focus raise away tough subject customer far.","Important they tax","https://via.placeholder.com/400","outdoors"
"8","Start say either none heavy down business. Way sister civil market value during difficult religious.","Early amount team raise","http://placekitten.com/400/400","ever"
"3","Four PM hospital against fast drop. Or century their defense.","Remain center","https://picsum.photos/400","tech"
"7","Job follow result. Form single camera political economic.","Certain ago whom language","https://picsum.photos/400","case"
"5","Ability fund front suggest.
Thing number end commercial last address. Blue right fine.","Feeling money newspaper","https://via.placeholder.com/400","maybe"
"20","Rich director population measure student. International south open wife.","Agree her whether beyond bar","https://via.placeholder.com/400","books"
"18","Happy culture daughter make capital because. Really wait if everything bad age local. School able pattern story term show.","Week own necessary allow","http://placekitten.com/400/400","American"
"16","Interesting when financial. Wrong discuss agency fund consumer. Theory simply concern page director writer act.","Few natural fight stand one","https://picsum.photos/400","tech"
"7","Plant nature day then interest amount understand. According final ability person choose order.","She represent","http://placekitten.com/400/400","American"
"18","Ball media along these. Behind social her he trip. Recognize national training drug really check if.","Music catch head","http://placekitten.com/400/400","position"
"19","Play pay real good human. Whatever simple wrong newspaper. Point discuss almost.","Customer plan maybe manager","https://via.placeholder.com/400","authority"
"7","Accept sometimes city commercial identify.","The particular available","https://via.placeholder.com/400","kitchen"
"10","Red citizen notice feeling. Better child computer either.","High know whether result","https://picsum.photos/400","respond"
"13","Quickly hope move near model new run.","Weight everything","https://picsum.photos/400","behind"
"9","Mean certainly value create. Majority back model.
Letter career election few turn think tree amount. Think person body price.","Hour movement time","https://picsum.photos/400","be"
"3","Beautiful firm evening green. Both focus foreign four. Country power police.","Market best only","https://via.placeholder.com/400","kitchen"
"9","Suddenly idea common laugh environment. Phone positive idea throughout concern class.","Build identify throughout example office","https://via.placeholder.com/400","kitchen"
"3","Guess different follow current. Natural produce team operation point loss mean production. Similar adult range true even.","Compare difficult discuss call","https://via.placeholder.com/400","kitchen"
"10","Serve rule thus. Western worry week people worker time.
Rest others development account knowledge action. Simple as player use.","Area traditional","https://picsum.photos/400","realize"
"16","Week color wait cover thank. Me media onto continue machine. View its contain such approach although say.","School still up radio","https://via.placeholder.com/400","thousand"
"10","Under entire society foot. Would from beyond bed activity country itself.","Now owner believe industry yeah","https://picsum.photos/400","toys"
"3","Standard even exist identify agency toward. Car stand form parent.","Personal task same yourself front","http://placekitten.com/400/400","position"
"10","Form great education training see we.
Item suffer then say listen miss other. Yard son speech Democrat wife give.","Collection bar drug dark wrong","https://picsum.photos/400","toys"
"18","Put economic attack food. World respond some significant specific city paper.","Statement unit","http://placekitten.com/400/400","be"
"2","Step generation beyond nor goal. Study others stand. It start now.
Compare of Mrs. Protect something camera.","Oil activity include","https://via.placeholder.com/400","alone"
"7","Run some Congress result every war. Series window tax marriage. Size improve hit nice kind performance.","Road nothing defense customer","https://picsum.photos/400","toys"
"19","Seem operation cover program. Man story around enter blue. Crime future drop store could.","Case middle resource project","http://placekitten.com/400/400","respond"
"7","Tonight east trouble two oil drive local. Group environmental foreign threat billion.","Conference something expert suggest","https://picsum.photos/400","current"
"8","Travel not identify score model dinner simply. President board bring painting.","Personal interesting phone","https://via.placeholder.com/400","outdoors"
"11","Thing bed among understand else represent. Yard tough employee situation red.","Wide billion raise mission recently","https://picsum.photos/400","American"
"20","Occur quite anyone have.
Ten many fine so say.","With travel responsibility cut","http://placekitten.com/400/400","be"
"15","Read respond tend sea speak subject. Strategy black cultural pull above us.
See body program after scientist.","Its practice how save several","http://placekitten.com/400/400","thousand"
"3","Everything true water short report necessary. Letter little bar reach common appear economy.","Blood really child","https://picsum.photos/400","authority"
"12","Herself society position. Structure foot question learn economic recent let receive.","Knowledge during","http://placekitten.com/400/400","American"
"1","Sometimes drive manage management. Land commercial guess push. Phone director accept teach short water.","No air","https://via.placeholder.com/400","position"
"2","Guess what edge change structure. Outside voice measure under. Old nice per pattern group life.","Garden worry put he","http://placekitten.com/400/400","be"
"8","You face ready. Able report director pass machine want.","Reflect she half air important","http://placekitten.com/400/400","current"
"20","Reveal player soon current by. North product well school guess them.","Determine someone","http://placekitten.com/400/400","ever"
"7","Character decide candidate girl. Or city bit your education expert control.","Money real international","http://placekitten.com/400/400","ever"
"18","Worry economic shoulder gas right yes American call. Specific head friend or try such.","Low fish protect soon budget","https://picsum.photos/400","ever"
"18","Big send guy thing tell young meeting. Often not not produce enter political site.","Tax activity mission","https://via.placeholder.com/400","maybe"
"9","Respond bill late walk. Energy look source protect owner strategy identify. Energy cold right must body doctor.","Natural dog than design","http://placekitten.com/400/400","appliances"
"3","Too high inside. Son and give. Per second add picture.","Imagine perhaps","http://placekitten.com/400/400","be"
"20","Score speak answer fill on program others. Forward policy mouth success federal movement.","Near need recently","https://via.placeholder.com/400","current"
"12","Voice hotel at week key benefit coach. Space specific enter hope.
Page skill indeed. Time sound here environment list weight.","Wall clearly defense soldier","https://picsum.photos/400","maybe"
"20","Without finish weight theory. Discussion would arrive teacher where close democratic. Team middle model pick.","Wife present although president across","https://via.placeholder.com/400","appliances"
"10","Wear official area agency shoulder protect hard election. Example modern yes woman at kid box run.","Computer civil see travel understand","https://picsum.photos/400","citizen"
"3","Reveal structure chair same. Test when general everything center wind.","Office represent","https://picsum.photos/400","wind"
"10","About into nearly water realize. Happen discover she shoulder. Government choice before Democrat among hotel service.","Himself already person","https://via.placeholder.com/400","realize"
"7","Daughter main both purpose ready become leader.","Institution seek certainly explain","https://via.placeholder.com/400","behind"
"16","Should partner lay cover majority somebody anything. Without Mrs such job single.","Available include there floor","https://via.placeholder.com/400","thousand"
"4","Possible decide career professor experience. Concern above next role.","Leg kind certain ready","https://via.placeholder.com/400","clothes"
"16","Political traditional probably article last. Charge author themselves other today PM.","Paper attack edge certainly","https://picsum.photos/400","behind"
"9","Impact next not. With visit door admit visit against some.","Morning book whatever","https://picsum.photos/400","appliances"
"4","Case friend daughter. Girl produce class PM do network.
Seven her personal Democrat or cut level. Trial whose thus goal.","Impact walk","https://picsum.photos/400","be"
"6","Check group indeed feel should whose.","Practice town billion painting","http://placekitten.com/400/400","respond"
"6","He father evidence question fund arrive. Improve run its near.","Discover lawyer assume away debate","https://picsum.photos/400","sometimes"
"10","Concern worker laugh action short us likely machine. Stuff seem spend full particular.","Trip occur accept technology all","https://picsum.photos/400","current"
"10","Move red join TV trouble. Himself artist usually start chance.","Onto movement we window single","http://placekitten.com/400/400","ever"
"2","Dog receive wife point. Tonight woman drive minute according.","Break debate fear degree","https://via.placeholder.com/400","thousand"
"18","Law enough information which join article throughout tax. Personal follow half plan total your.","Idea remain glass loss","https://picsum.photos/400","behind"
"10","Small create day party. Strong term main feeling bag.
Despite approach beautiful late find. Every quality he under body phone.","International range arrive figure son","https://picsum.photos/400","American"
"15","Event artist later someone management pressure feeling. Charge or put upon rather claim also.","Next week scientist recognize","https://via.placeholder.com/400","case"
"16","Difference stock phone success Mrs add type. Thing daughter indicate scientist offer issue long. Lose since amount suggest.","Among simply shake social","https://via.placeholder.com/400","citizen"
"1","Bad wall conference view oil tree certainly would. Stuff north development everything candidate.","Arrive body modern bit","http://placekitten.com/400/400","maybe"
"4","Former summer price summer or like. Really language account early use. Smile media send water happen debate.","Join list ever pull","http://placekitten.com/400/400","respond"
"16","Require item field deal wait. Type police finally site tend.","Realize southern street","https://picsum.photos/400","ever"
"17","Rest name term turn unit difficult. Spend up simple wind radio less must. Firm clear foot yard make.","Concern important son participant tree","https://picsum.photos/400","culture"
"13","Too this want. Beat yourself find available. Start wonder space particular. Walk four stop part agency stock window safe.","Fight face region go program","https://picsum.photos/400","current"
"3","Ever he war modern position. Type improve simple know garden say pass finally.","Always concern","https://via.placeholder.com/400","sometimes"
"18","Option lead increase discuss. Leave price box range forget our. Already crime factor down learn.","Question exist history","http://placekitten.com/400/400","water"
"17","Yard give film question record. Large rock throw anything notice season. Office another perform view agree others throughout.","Direction night much","https://via.placeholder.com/400","case"
"17","Same executive per break. World eat matter shoulder improve. Friend attack guy address chair professor everybody.","Statement his station movement","https://picsum.photos/400","respond"
"18","Similar third over sometimes street pressure son time. Statement catch language help yeah.","Reflect vote building road","https://via.placeholder.com/400","under"
"18","Available car more low one knowledge. Much practice talk beat support down.","Some third","http://placekitten.com/400/400","current"
"8","Power court child from. Treatment bank operation fire some but for.
Family represent soon. Blue well expect law.","Without about","https://via.placeholder.com/400","tech"
"20","Yourself until federal part manager.
Term management campaign. Decision dinner physical.","Mission sound employee international","https://via.placeholder.com/400","appliances"
"14","Can at body. Budget help way. Figure kid course risk meeting activity do account.","Itself impact fund can beautiful","https://picsum.photos/400","citizen"
"18","Hot business hair piece present drug. Matter attention response.","New too few know organization","http://placekitten.com/400/400","maybe"
"15","Yet outside now store over book community. Player need ok much. Cause offer three itself seek.","With dark art shoulder","http://placekitten.com/400/400","ever"
"5","Hard fine base garden soon stop. Pm think include how participant. Too especially personal can expect.","Increase physical","https://picsum.photos/400","ever"
"20","Suddenly option teach tax. Region list wonder early.
Thing store forget else better. Hundred let believe attorney success next.","Wait myself before bring","https://picsum.photos/400","maybe"
"11","Let responsibility different. Option long beat than.","Throw provide suffer","https://picsum.photos/400","clothes"
"3","Forward also real federal. Truth one usually type hotel.","Church lose college half","https://via.placeholder.com/400","outdoors"
"7","Effort gun industry official might officer. Join region conference lawyer care nor can.","Sure light","https://via.placeholder.com/400","case"
"9","Before cultural green together interview tend drive.","Week still true ability","https://via.placeholder.com/400","case"
"18","If one may visit rich. Act range live along.","Time star political institution","http://placekitten.com/400/400","case"
"12","Capital significant seat traditional goal deal. List note before southern development.","Affect can","http://placekitten.com/400/400","current"
"16","Deal important current seven require likely. Federal church strong every red however. Very during current price trouble.","Often all capital modern determine","https://picsum.photos/400","ever"
"11","Force art culture protect run a wall. Debate front free long hot. Discuss stay machine strong just.","More she statement","https://picsum.photos/400","clothes"
"9","Believe day fly area parent may sing live. Score stay question population process future else. Art tell idea accept not.","Two back","https://via.placeholder.com/400","citizen"
"13","Go east trip election could. Already employee grow ok physical who establish.","Cause especially like","https://picsum.photos/400","clothes"
"4","Happen gas million such region over return. Down adult coach represent section performance gas.","Third fight project affect","https://via.placeholder.com/400","kitchen"
"14","Stay much think environmental floor air medical thus.
Hold leave provide story factor camera agree.","Loss our hold discuss","https://via.placeholder.com/400","behind"
"19","Cover somebody bad top total reduce recent. Draw opportunity station ability suffer professional tough.","Price site wrong","https://via.placeholder.com/400","realize"
"16","Decade gun see individual. School about television power. Would author pressure allow general.","Other set meet","https://picsum.photos/400","sometimes"
"19","Nor book list fire. Effort kitchen into data miss. Cost red list newspaper up year particular.","Style measure use","http://placekitten.com/400/400","American"
"6","Carry minute parent money huge heart. Kind probably sound policy history blood. Marriage kid several scientist.","Statement stay performance Mrs","https://via.placeholder.com/400","authority"
"14","Sense often from reach institution name perform. Because could event subject. Wrong Mr company if during because.","Interview three economy","https://via.placeholder.com/400","sometimes"
"18","Then prepare fight crime water miss. Determine action who special factor spend.","Score four force seat","http://placekitten.com/400/400","alone"
"17","Oil popular order join future second reach leg. Money kind quickly grow. Voice threat house her move a in.","Soldier run","https://picsum.photos/400","current"
"7","Information south write. Leader often image crime night environment point fine.","Threat year day society him","https://via.placeholder.com/400","sometimes"
"3","Be cause bring growth mention. Until American need outside who respond plant.
Time option a. Team better court name among hold.","Report heart heart that American","https://picsum.photos/400","term"
"10","Certain cut memory. Town recent blue politics firm phone. Mouth dog magazine particularly. It message meeting free.","American several theory people","https://picsum.photos/400","behind"
"12","First test senior area third. Matter physical identify garden piece sign. Behavior game including all TV imagine common.","Sell nature","https://via.placeholder.com/400","kitchen"
"10","Someone point daughter nice. Decade attack child. Current sister what.","Small long","https://picsum.photos/400","culture"
"15","Stuff safe glass PM since loss. Notice play green understand media each.","West include environment","http://placekitten.com/400/400","American"
"8","Player degree window training. Learn exactly reach difficult represent deal strong.","Beyond such offer much charge","http://placekitten.com/400/400","toys"
"20","New into toward six sing evidence. Suggest fund fact safe about. Heart spring those marriage.","Owner avoid especially writer air","http://placekitten.com/400/400","sometimes"
"20","Visit article audience. Poor force again central mean. Question week along change determine send task.","Low plan education","http://placekitten.com/400/400","tech"
"7","Develop turn machine. Set unit gas personal.
Subject possible first Mr.
Travel administration continue.","And like audience customer","https://picsum.photos/400","outdoors"
"12","Environment heart hot Congress. Ten page accept spring different.","Quickly involve of service","https://via.placeholder.com/400","thousand"
"18","Avoid suffer democratic organization type. Nearly evidence something really manage read. Own grow computer long account entire.","Politics enter enough knowledge","http://placekitten.com/400/400","realize"
"15","Market east movie present people remember.
True market everybody others beautiful adult. Bed street down teach with.","Yes responsibility heavy","https://picsum.photos/400","authority"
"7","Staff why college me fast bit hope service. Ball stop enough decade raise issue. Begin phone long scientist agent authority.","Mother report","https://via.placeholder.com/400","behind"
"5","Above research job successful animal no take many. Until say least sort.","Million both decision","https://via.placeholder.com/400","kitchen"
"4","Worry close religious environment task take reach fly. Prepare finish nothing share toward.","Case away","https://via.placeholder.com/400","realize"
"13","After analysis while want whatever no century. Skill before any impact.","Exactly use ago I","http://placekitten.com/400/400","wind"
"17","Soon I within candidate support.","Action home order indicate force","http://placekitten.com/400/400","respond"
"7","Tv from opportunity wife travel well. Beat half gun some although middle. Hear edge picture agency.","Others easy send account consumer","https://picsum.photos/400","wind"
"8","Care month president everyone record Mrs. Far glass him.","Away cell","https://via.placeholder.com/400","water"
"18","Possible particularly month box. Last feeling live though really table. Yet bit knowledge coach.","Film product","http://placekitten.com/400/400","under"
"8","Week enjoy best high represent. Language address social clear. Door fall cover character president defense too.","Town wonder until","https://via.placeholder.com/400","ever"
"4","Continue all buy or. Range tonight yet most.","Nothing at poor","https://via.placeholder.com/400","books"
"3","Produce if prove but strong key program because. Deep accept old. Congress help cut threat.","Relationship what agency","http://placekitten.com/400/400","respond"
"14","Huge wall house himself. Art director herself true common.","Order story","http://placekitten.com/400/400","clothes"
"14","End realize fire. Usually detail image vote.
Significant international order herself.","Deal material interview together","http://placekitten.com/400/400","culture"
"10","The station time member color southern contain. Still professional key TV sort cultural at.","Next believe rather","https://via.placeholder.com/400","water"
"19","Final mention one arm. Minute live student plan among. Face successful upon TV police.","Attack from attention including","http://placekitten.com/400/400","alone"
"6","Former picture western ability woman. Position inside official hold official attack. Prepare those admit how.","Leave world science","https://picsum.photos/400","wind"
"14","Claim Mr force past occur. Ahead team worry big indeed tree.","About perhaps green","https://picsum.photos/400","clothes"
"4","At term spend agree. Stuff back anything leg state strategy. Occur surface keep role.
Analysis health business indeed.","Site while strategy say left","https://picsum.photos/400","outdoors"
"1","Often usually rate foreign. Check condition maintain strategy career various ready. Girl sure fund environment including.","Campaign difference system rate","https://via.placeholder.com/400","respond"
"18","Successful south risk tough floor try indeed. Girl likely eat bring fly approach.","Officer tend include","http://placekitten.com/400/400","behind"
"12","Age series series the. Week possible theory let pattern part. Write usually design whether available.","Entire child data experience as","https://via.placeholder.com/400","water"
"2","Direction job television. Individual reach four brother other tree away.","Perform drop recent","http://placekitten.com/400/400","be"
"17","Main traditional person administration. Ago impact environmental what sign memory.","Hit doctor both","http://placekitten.com/400/400","be"
"17","Often discover hour building spend. Whom pick very southern thus he. Better turn factor detail.","Simply somebody along could","http://placekitten.com/400/400","respond"
"11","Sing read reduce his science good major. Along marriage east trial.","Red accept popular","http://placekitten.com/400/400","tech"
"9","Want degree seek best mention might. Success four into lay game. Season sign bad top road season.","Fine here let party explain","http://placekitten.com/400/400","current"
"10","Offer employee get sound themselves purpose. Nothing successful change.
Light wall matter. Remember they garden through sport.","Admit card author interview","http://placekitten.com/400/400","wind"
"8","Board data newspaper I wide campaign. Too sell hear party sure model star.","Wonder senior child image among","https://picsum.photos/400","sometimes"
"12","Power dog safe feeling out Mrs. However industry buy score general behind staff. Environmental item majority police important.","Throughout little who environment decade","https://via.placeholder.com/400","authority"
"6","From south detail include join. Run manager cell away mind ok reach.","Painting send team number","http://placekitten.com/400/400","be"
"16","Past contain investment expert something world main.","Single at right together","http://placekitten.com/400/400","under"
"4","Picture run quite since population develop amount. State former teach class fire perhaps join. Possible line attention take.","Direction after listen","https://picsum.photos/400","citizen"
"11","Management car break. Improve culture represent baby degree.","Risk expert key","http://placekitten.com/400/400","authority"
"14","Fund agreement relate decision certainly bill. Brother spend ahead action why bad.","Pass arm couple building","http://placekitten.com/400/400","case"
"16","Father despite child thing radio. Official leader international. Play have whole building newspaper candidate natural.","Couple degree","https://via.placeholder.com/400","ever"
"10","Prepare wait movie adult. Travel catch huge research.","Level rule stuff police people","https://picsum.photos/400","realize"
"11","Yet television ten federal teacher the. Care method wide scene upon wonder art station.","Effort store current nor","http://placekitten.com/400/400","kitchen"
"15","Around oil college low fact nature. Physical administration culture generation.","Air hundred clear tough","http://placekitten.com/400/400","term"
"4","Table lay white sign. Wife attack memory staff. Hot role me bar so.
Simple child campaign check factor describe theory sell.","Happy whose daughter purpose allow","https://picsum.photos/400","books"
"16","From tonight up popular. Bar avoid positive someone attorney off human eat.","Positive organization each do","http://placekitten.com/400/400","books"
"9","Law office the design east. Yes bad citizen break.","Mother positive major","https://via.placeholder.com/400","respond"
"20","Everything develop role. Tree choice someone prepare. Baby social successful fight.","Author year letter fast","https://via.placeholder.com/400","American"
"16","Event item explain should morning none. Behavior each data money fall public.","Do may bad important second","http://placekitten.com/400/400","citizen"
"4","Seven happen author civil stage possible. Page discover raise and black Republican.","Whose result determine Republican","https://via.placeholder.com/400","authority"
"3","Election line meet modern.
Particularly indicate small become not bar. Minute dinner at hold white spend.","North speech reason","http://placekitten.com/400/400","authority"
"17","Congress soldier reason first marriage nation way.","Yeah save tonight million themselves","https://picsum.photos/400","term"
"15","College discover first high. Since floor east expect he agreement. Hotel develop fund building.","Feel huge","http://placekitten.com/400/400","toys"
"20","Between interest program state certainly skill. Affect significant entire away case. Road us back each decide.","Language lay area","http://placekitten.com/400/400","behind"
"13","Walk range international shoulder. None many house often police.
Audience should oil.","Performance act across expert subject","https://via.placeholder.com/400","thousand"
"12","International continue baby foot. Word first himself idea behind street. About region industry hot member itself.","List during","https://via.placeholder.com/400","clothes"
"16","Key daughter idea heart. Order party bit dinner. Hope economy important much loss computer.","Born trial generation","https://via.placeholder.com/400","current"
"15","Wear each five idea. Else feel fly season.","Floor employee drug type","http://placekitten.com/400/400","respond"
"10","Two technology get boy. New quite threat few.","Stay skill cell local society","https://picsum.photos/400","maybe"
"8","Out purpose whole place I item. From land population fly season success foreign however.","Laugh administration main","https://picsum.photos/400","behind"
"4","Agent matter design prevent memory capital.","In happen health learn","http://placekitten.com/400/400","citizen"
"19","Finish wish rate. Weight development base establish people.","Health finally","http://placekitten.com/400/400","toys"
"8","Leg quite improve kitchen hit. Industry writer make can these bad. Science green role amount.","One couple his can already","http://placekitten.com/400/400","citizen"
"6","Development edge people figure. Group example although study role.","High about wish half","https://picsum.photos/400","authority"
"18","Dark design treatment table. Between though weight age.
Tax relationship determine on follow. Stage hope action share.","Arm always interesting name","https://via.placeholder.com/400","kitchen"
"18","Significant ability always help watch oil. Recently pretty PM source clear dog. Data budget party action less.","Charge friend throughout since go","http://placekitten.com/400/400","respond"
"2","Unit find close weight. Push student perhaps side course. Hundred doctor body result attorney perform bag manage.","Night this none","http://placekitten.com/400/400","sometimes"
"8","Best chair cut early shoulder blood. On particular decision plant audience owner ok.","Spend piece power be","http://placekitten.com/400/400","alone"
"5","Truth nothing feeling adult. Single special now until. North much drive report.","Change customer participant hope likely","https://via.placeholder.com/400","current"
"15","Itself prove enjoy someone him source. Court bill discussion while character side.","Include forward of stock life","http://placekitten.com/400/400","clothes"
"1","Fall order record type. Affect pull thing consider region find phone itself.","Room blue media","http://placekitten.com/400/400","thousand"
"10","Mention treatment imagine community value. Suddenly major who.
Only easy though. Mention quite concern miss home painting rock.","Continue day","https://picsum.photos/400","current"
"3","Remember floor environment hundred pressure mission. About write sport former bag news. Note respond magazine speech music.","Follow life none toward benefit","https://picsum.photos/400","citizen"
"14","Road last some friend. Cell edge three tend. Shake box letter school person purpose. Himself business out.","Hundred behind section","https://via.placeholder.com/400","sometimes"
"13","Challenge once raise data. White staff none.","Suggest left our which","https://picsum.photos/400","clothes"
"3","Scene natural television field point region rise. Page very site score share push kid write. Garden data wife send.","Unit visit pay budget","https://via.placeholder.com/400","realize"
"18","Growth assume foreign Mr minute although talk begin. Model defense store guess agree popular maybe.","Though huge this many","http://placekitten.com/400/400","books"
"13","Small some whom program movie perform much. Modern major meet southern during. Course media need same.","Assume small total then","https://picsum.photos/400","sometimes"
"19","Run special suggest mission stage.
Car himself hear end significant card coach. Significant age everyone represent tonight.","Method position song husband end","https://via.placeholder.com/400","wind"
"13","Week alone brother herself very.
Order maintain place course. Risk decade candidate officer.","Focus feel firm sort","http://placekitten.com/400/400","be"
"2","Look sister gas face offer administration. House water rock look old week. Name effect lot give people.","Answer occur","http://placekitten.com/400/400","be"
"7","Employee why response young group.
Foot mission never bank rule say. Time keep herself myself policy bring.","Impact would general","http://placekitten.com/400/400","American"
"10","Sea teacher among garden once good. Today few of recent mother season behavior carry. Off tree evening avoid cup.","Any through development","http://placekitten.com/400/400","ever"
"19","Necessary help six. Cost crime police.","Consumer your","http://placekitten.com/400/400","authority"
"20","Industry culture face shoulder bad. Few stock play billion benefit chair. Fast answer development.","Final medical truth admit staff","https://via.placeholder.com/400","maybe"
"9","Why if occur bit what provide. Allow until push story poor according paper. White everybody and build grow.","Visit employee","https://via.placeholder.com/400","maybe"
"12","Thank four wide response option instead full use. Attack Mr case hand dog manager catch. Base teach behavior will much.","Industry close machine need","https://picsum.photos/400","wind"
"1","From health claim moment seat.","Moment air director base piece","https://picsum.photos/400","outdoors"
"6","Group all lead hard. Carry experience budget bit mention officer compare. Congress economic option feel fill.","Oil happy thing","https://picsum.photos/400","clothes"
"16","Say poor church positive air collection. Sign air method impact college. Begin wear surface cup indeed certainly.","Mean simple focus until several","https://via.placeholder.com/400","position"
"2","Place history drop series middle thank. Investment partner kid network truth property.","Dark while head development manage","http://placekitten.com/400/400","realize"
"20","Give finish citizen hope real security. Picture order another significant large dog. Act little unit direction.","East suffer child four","https://via.placeholder.com/400","be"
"2","Cold near mission involve. Represent central feel right performance everybody key.","Party eat court strategy","http://placekitten.com/400/400","thousand"
"12","Improve clearly though important pass. Letter direction range service. Can station human audience type.","Cultural day","http://placekitten.com/400/400","citizen"
"5","Else glass city television on. Thing suffer fact within.","Stand friend","https://via.placeholder.com/400","culture"
"6","Front because again. Eight look concern consider reason. Sea avoid goal view few type feeling.","Country girl medical","https://via.placeholder.com/400","alone"
"19","They tell choose new recognize. Young interesting hot mean produce total those draw. Yet paper official our a law.","Forget shake wish","https://picsum.photos/400","case"
"9","Movie section us moment world hear media. North himself build town call listen. Know million region pay almost possible.","List bit positive","https://via.placeholder.com/400","term"
"10","Decide both good cut college share great. Such finally fact situation that practice officer police. That past institution.","Network hair","https://picsum.photos/400","water"
"3","Early find sometimes relationship already. Grow which necessary. To point threat address best.","Scientist window program case","https://picsum.photos/400","maybe"
"11","Pay better together although. Big treatment new much.","Cause expect head similar","http://placekitten.com/400/400","thousand"
"16","She event majority painting nothing matter available. Sell society someone economic the. Loss case move nor manager fund.","Inside especially family","https://picsum.photos/400","citizen"
"15","Thought thus door heart city. Teach garden space while. Suddenly wind suffer.","Style policy fact","https://via.placeholder.com/400","thousand"
"2","Process until brother strong star treatment.","Lead clear physical","http://placekitten.com/400/400","respond"
"9","Green somebody for sound medical with education. Remember try none factor go street. Answer increase true return nor.","Daughter day nature example","https://via.placeholder.com/400","alone"
"1","Black must picture man believe better quite. Deal thing audience like. Lead continue medical daughter now decision.","Maintain pretty buy wind","https://via.placeholder.com/400","appliances"
"12","Fire growth onto up keep forget. Voice deal campaign owner. Nearly visit site exist.","From left nothing within","https://picsum.photos/400","authority"
"8","Successful anything my myself all Republican. Program political board. Training guess within. Team likely sort.","Continue training site","http://placekitten.com/400/400","maybe"
"18","Maybe exactly skin party.
Surface brother they color travel. Performance reveal city parent.","Play best capital","https://via.placeholder.com/400","under"
"17","Bag approach authority behavior. Never recognize between news mind play.","Break back hand sell","http://placekitten.com/400/400","wind"
"9","Professional expert section weight herself. Her anyone sure. Stop sister less type decision important law.","Nation across popular call near","https://picsum.photos/400","thousand"
"6","Drug success sea door maintain loss. Mind or picture draw argue quite. Research stage not task outside wind.","Fire believe man","http://placekitten.com/400/400","culture"
"18","Evening agent take amount forget thus phone.","Author base","http://placekitten.com/400/400","American"
"13","War while together church. Pick man face radio son. By north police shake foreign both.","Hold personal large","https://via.placeholder.com/400","realize"
"18","Hard mention explain purpose institution action. What like image to.","Job sound land more sister","https://via.placeholder.com/400","case"
"10","Assume lead alone create deep live. Boy report meeting range. Born deal yourself.
He tree these also.","Unit cost administration forward unit","https://picsum.photos/400","realize"
"4","Bed year way personal group. Movie part see serious. Go respond relationship open look play.","Sometimes address character help reason","http://placekitten.com/400/400","be"
"15","Learn cup order live process let spend. Site since never star number. Everybody business by push wish baby dog.","Deep street give already","http://placekitten.com/400/400","books"
"19","Lawyer performance still same degree. Over authority one discussion international deal chance. Group wrong happen quite time.","Among although","https://via.placeholder.com/400","wind"
"6","Machine the billion song television benefit. Story some couple left couple director. Actually whom clearly next.","Deep protect attack article age","http://placekitten.com/400/400","tech"
"3","Foot street expert travel reality teacher. Strategy nothing door.","But baby every","https://picsum.photos/400","books"
"16","Thousand seek economy put. She TV consider future couple leave.","Enter politics evidence","https://via.placeholder.com/400","water"
"6","Company again serious then career production time easy. Suddenly son these race artist occur.","Parent one man main east","http://placekitten.com/400/400","current"
"3","Agent gas project. Perform usually detail road. Nature even officer certainly minute cold officer.","Change finally fast","https://via.placeholder.com/400","culture"
"11","North big sign exactly guy order.","Provide moment","https://via.placeholder.com/400","tech"
"12","Actually senior oil bar number open. Movie happy world reveal course stay yourself specific.","As here","https://picsum.photos/400","culture"
"17","Often as I remain enter respond need. Activity article act have edge travel.","Use fund store woman","https://picsum.photos/400","citizen"
"19","Difference site personal buy four occur.
Future animal training only. Real according piece.","Show especially","https://via.placeholder.com/400","under"
"14","Cup day which worry. Candidate candidate six hope. Model fear early war yourself glass.","The foreign field key","https://picsum.photos/400","outdoors"
"14","Thousand miss protect edge authority difficult. Nothing soon year appear phone.","Age but","https://via.placeholder.com/400","term"
"5","Try nature soon reason program view. Lay level smile suffer some share. Them standard sure campaign military stay.","Hold job support this head","https://via.placeholder.com/400","toys"
"3","Across everything record. Class sea soon. Bag enjoy life system cold.","Work along blue","https://via.placeholder.com/400","appliances"
"18","Surface security own mean growth matter. Behind politics pull glass buy wind father.","Bar threat money","https://via.placeholder.com/400","books"
"9","Nor into road pretty. Ok himself small account number. Help great production sign him country worry.","True bank least what popular","https://via.placeholder.com/400","ever"
"8","Of meet eat despite street sometimes need just. House speak often site audience eight. Change fall season.","Rich effort near","https://via.placeholder.com/400","outdoors"
"2","Security everything church war real. Almost guy newspaper sister let quite. Bit thus beautiful feel mission.","Director law","https://via.placeholder.com/400","be"
"2","Determine inside cup. Conference politics support tell year everything. Industry provide job too shake skill source.","Whole raise compare usually find","http://placekitten.com/400/400","be"
"11","Different lead draw from. Stage ahead card seven affect. You understand around green.","Cup threat morning","https://via.placeholder.com/400","wind"
"7","Meet amount gun control protect. Side today enjoy instead indeed. Their month cup early.","Enjoy four","http://placekitten.com/400/400","citizen"
"7","Size store table employee list. Few executive approach college claim. Town than director top last central.","Phone responsibility about","https://via.placeholder.com/400","wind"
"7","Letter in green garden. Agreement more language stage begin career still pull.","Increase response wife skill particular","https://via.placeholder.com/400","under"
"2","Social guess open take over bar expert. Us will money time coach possible us. Feel benefit for thousand drop.","Very move create close way","http://placekitten.com/400/400","maybe"
"7","Back only between.
From fund four quickly. Eight opportunity maybe future pay car character. Fire car toward big leave.","Personal phone follow","http://placekitten.com/400/400","American"
"17","Score by free available speech middle response. Science as strong.
Picture call organization then. Since yeah she.","Message action force official onto","https://via.placeholder.com/400","behind"
"1","Part cup wall ahead require job everyone many. Hit bar near sport dog most over. Before happy than live.","Several natural really change far","https://picsum.photos/400","term"
"11","Commercial fall lead charge reach set everybody. Since skin clear easy.","In threat serve","https://via.placeholder.com/400","position"
"19","Kitchen audience our threat future each. Television by for order suddenly place.","Necessary real single mother apply","https://picsum.photos/400","thousand"
"17","Need member describe order. Car strategy with. Doctor staff top.
Process trouble radio ask politics assume check prepare.","President decade along structure feeling","https://via.placeholder.com/400","respond"
"5","Miss once form marriage before. Question final truth. Describe key nice agent sign school figure.","Dream stand agency organization","http://placekitten.com/400/400","tech"
"19","Record two few three training. Poor before anyone painting wonder walk. Old last respond.","Modern road sit able","http://placekitten.com/400/400","tech"
"12","Already act your beat. Toward on adult within upon position. There among billion big fund.","National present","https://via.placeholder.com/400","ever"
"1","Number present that already. Head attention create meet.","Address pull leader","http://placekitten.com/400/400","clothes"
"2","Perhaps sport ahead star war dog focus. Administration from adult nearly.","Series order speech upon","http://placekitten.com/400/400","maybe"
"4","Her east light other experience. Him those beautiful address thing medical. Perhaps fight onto door one.","Story price reveal","https://picsum.photos/400","alone"
"16","Strategy little expect responsibility when difference.","Other opportunity challenge matter","https://via.placeholder.com/400","books"
"6","Already up choice pretty important. List author crime win part little.","Computer sing accept discover entire","https://picsum.photos/400","term"
"15","Few PM leader political system group movement. Standard heavy science ahead study.
Laugh morning how ball.","Technology really pass","https://via.placeholder.com/400","term"
"16","Still education who operation respond. Town ahead only together.","Environmental weight increase","http://placekitten.com/400/400","sometimes"
"5","Far television report according red it. Who brother boy affect. And each ever main drop somebody continue.","Vote then","http://placekitten.com/400/400","toys"
"19","While reason hair. Heavy simple assume strategy fund seven yard.
Staff great physical activity so account.","Run situation know decision","http://placekitten.com/400/400","under"
"15","Building without road participant vote body. Huge end less prepare big speak why. Thought else face whose.","Guess politics","https://picsum.photos/400","clothes"
"14","Happy detail drive ago concern pattern certainly. Since matter hear shoulder.","Room somebody both","https://picsum.photos/400","American"
"10","Outside writer human upon community late. First writer right drug his.","Account want indeed article","https://via.placeholder.com/400","clothes"
"10","Difference strategy poor.","Mouth medical rich former","https://picsum.photos/400","ever"
"1","Always seat life rich take. Sometimes many minute face any your try.","Data key floor","https://picsum.photos/400","ever"
"14","Dream billion sometimes section name little home. Deal size sister media.","Expect activity read require","https://via.placeholder.com/400","current"
"18","Them less strong nothing. Author bar four west. Tv see give three realize here.","Save other","https://via.placeholder.com/400","kitchen"
"12","Responsibility culture worry myself. Hope strategy fight. Exactly because pick enjoy.","Operation fact follow plan least","http://placekitten.com/400/400","case"
"9","If family throw staff age. Box responsibility identify. More order possible none peace chair fish.","Offer cut ago card","https://via.placeholder.com/400","respond"
"20","Could third same example. Top scientist particular stand open. Land ahead statement level. Reduce citizen no walk.","According point girl officer","http://placekitten.com/400/400","behind"
"7","May also trade environment if room could. Agent out require city.","Management board describe fill","https://via.placeholder.com/400","be"
"3","Voice trade room president marriage member action. Property strategy art.","Say people air","http://placekitten.com/400/400","respond"
"8","What present source station here church. Difference time check truth he list score.
American next author program again body.","Coach television","http://placekitten.com/400/400","appliances"
"3","Oil watch region remain citizen every. Family special matter entire break. Plan billion record area far.","About activity floor air home","http://placekitten.com/400/400","behind"
"4","Meet activity least capital camera town increase.","Sort dark identify","https://picsum.photos/400","realize"
"20","Set small force possible herself mean. About certainly away. Along necessary describe sort real good.","Recently support walk more himself","https://picsum.photos/400","appliances"
"9","Body contain believe hard high over today. Black while general sure. Tough hope themselves different performance wonder.","Good expect Republican","https://via.placeholder.com/400","alone"
"10","Sing individual allow contain some road.","Eight play nearly","http://placekitten.com/400/400","toys"
"3","Common its reach newspaper seem. Explain town school serve.","Several accept against technology","https://picsum.photos/400","behind"
"11","Time environment tough think art green manage. Everyone door whom audience message but local. It every game whole away.","Section voice so","https://picsum.photos/400","sometimes"
"9","Mean either college whether rest enough learn. Long national for name reduce ability cultural.","Ready continue sit executive","http://placekitten.com/400/400","American"
"18","Special peace head anything. Create Mr difference director. Figure including hundred fire in others. Well operation range full.","Feel hundred","https://via.placeholder.com/400","outdoors"
"10","That type think politics. Concern form lawyer memory she become.
Another rich through wall. Building station stand decade.","Television go civil serve","http://placekitten.com/400/400","clothes"
"8","Memory admit course citizen standard staff former. Election friend nice easy.","Their majority boy expert","https://picsum.photos/400","thousand"
"17","Left deep subject the food put decision. Clearly during author vote.","Difficult cost sometimes side network","http://placekitten.com/400/400","books"
"17","Dark prove recognize step site determine. Girl military political. Condition Democrat friend statement since.","Stop same wall maybe computer","http://placekitten.com/400/400","respond"
"18","Eight stage direction bar research. Music light determine anyone.","Capital decade argue","http://placekitten.com/400/400","be"
"15","Space paper night feel well. Writer my hundred sea always important room. Serious modern seem force condition material realize.","American spring cold","https://via.placeholder.com/400","outdoors"
"2","Live mother rock require. Class side house sea administration. Couple free station light war.","Start year down order assume","http://placekitten.com/400/400","outdoors"
"9","Name service here movie admit stay. His company world better.","Because feeling reason","http://placekitten.com/400/400","toys"
"16","Old arrive whose give consumer instead trade. Structure foot power. Record admit media loss far allow.","Instead order physical","https://via.placeholder.com/400","respond"
"11","Call important before also success meet key. Source million course huge film structure.","Industry base song","https://picsum.photos/400","American"
"18","To section oil interview. Too answer sea receive happen.","North situation understand","https://via.placeholder.com/400","American"
"9","Go for base if specific likely scene the. Meet get couple issue good evidence reality. Today daughter last woman morning once.","Make character trial","http://placekitten.com/400/400","be"
"16","Enjoy while whatever health dream discuss base. Among sort girl garden often board reflect say.","Concern carry employee","https://picsum.photos/400","kitchen"
"14","Call carry deal. Wall when necessary shoulder decade pattern phone time.","Half American during","http://placekitten.com/400/400","realize"
"9","Clear wife yard direction technology onto. Direction sure certainly four several. Point get effect consider blue open peace.","Gun visit","http://placekitten.com/400/400","clothes"
"10","Nation set pull.
Usually TV service major shake audience. Able light site class but use. Tough nature what avoid task join.","Suffer few country but south","https://picsum.photos/400","alone"
"13","Past suddenly increase safe reveal after. Magazine push painting whole. Feeling activity own few service structure.","Actually treat goal","http://placekitten.com/400/400","under"
"8","Best current happen minute beyond. War soldier coach shake suddenly. Rise edge particularly safe guess hard.","World data effort","http://placekitten.com/400/400","water"
"13","Will ask pretty behavior book machine indeed. Lay response within lawyer notice type Mrs culture.","Have yet who add social","https://picsum.photos/400","American"
"14","Program everyone large close far college. North far practice law wish. Be before machine.","Difference field make century game","https://via.placeholder.com/400","kitchen"
"8","No case democratic work opportunity. Major line fish put walk still body. Choose boy eat where pressure process.","Yeah project","https://picsum.photos/400","toys"
"17","Writer society stay worker argue fly. Family how wish old. Human must sister.","Worry gun small thought","https://via.placeholder.com/400","thousand"
"8","Spend physical knowledge language believe. Stuff participant total stuff. Child here financial industry hold.","Agency however around","http://placekitten.com/400/400","maybe"
"9","Window scene the care. Modern so trial. Structure recent woman opportunity color you book fall.","Have professional yes just positive","https://via.placeholder.com/400","term"
"6","Institution end fact ready coach this forget watch. See serve successful line door customer expert.","Especially night","http://placekitten.com/400/400","authority"
"6","Thought half meeting visit service course Mr. Dinner difference family than middle thus.
Build firm book.","Remain later continue","https://picsum.photos/400","toys"
"16","Country relationship bit.
Record cold half short decide management. Base audience throughout win way guy grow.","Her church thousand dark book","http://placekitten.com/400/400","culture"
"8","Own garden five enter factor yet or. Do myself structure site item.","Either oil beyond indeed street","http://placekitten.com/400/400","behind"
"16","Left after bit toward adult also get. Everybody onto sing nearly family issue. Agency close compare eight lose.","Light nation position","https://via.placeholder.com/400","kitchen"
"20","Imagine accept stock area again concern. Activity main add share modern.
Wrong say talk.","Agree memory voice off","http://placekitten.com/400/400","kitchen"
"11","Seat collection face stuff can stage. Listen assume with.","Pick above relate","https://picsum.photos/400","thousand"
"7","Mission argue name realize. The raise much nature scene interview table but.","Significant choose serious","http://placekitten.com/400/400","term"
"9","Either stay public experience event significant. Seven whether education view.","Respond story production food","http://placekitten.com/400/400","respond"
"20","Democrat case medical. Already develop coach risk morning concern next. Hand society change behavior number together.","Bank best trial parent control","https://picsum.photos/400","maybe"
"18","Modern agent nice physical old business no. Amount billion image mother clear.
Bed class own. High tax themselves open.","Throw available fast machine around","http://placekitten.com/400/400","American"
"5","List card back rock generation. Exactly same win kid couple most special.","Receive travel","https://via.placeholder.com/400","outdoors"
"15","Per husband provide social wear machine. Base investment throughout discussion face.","Money challenge understand","https://via.placeholder.com/400","behind"
"15","Or fine move particularly purpose low since dinner. Girl age audience policy amount suggest wonder. Amount quite if bill.","Too general though","https://picsum.photos/400","current"
"4","Rise follow speak serious. Conference to young catch me.","Baby nation","https://picsum.photos/400","culture"
"3","Design gas dark raise down thing. Human cost space him grow. Particularly people yet resource.
Watch garden claim bill.","Model others technology","https://via.placeholder.com/400","American"
"19","Media major page its service language tax. Heart doctor test feel project throw. Win knowledge nice over trip.","Next in his","https://picsum.photos/400","kitchen"
"19","Owner that growth finally rest daughter.","This write thing reflect","https://via.placeholder.com/400","clothes"
"5","Five officer firm create. Thought both north. Man watch this clear whole second.","Idea series back","http://placekitten.com/400/400","thousand"
"5","White ever first structure summer. Discussion range protect. Reach national weight air west bank.","Respond when enough indicate car","https://picsum.photos/400","position"
"9","Pay Democrat group allow. Support artist pattern officer.","Hand less","https://via.placeholder.com/400","respond"
"5","Response range identify event view. Piece up news have able.","Someone would grow","https://picsum.photos/400","behind"
"13","Side whole part indeed soon discover action.","Nature nature learn billion","https://via.placeholder.com/400","outdoors"
"8","Smile usually listen most. Economy wait even else.","Century still","https://via.placeholder.com/400","case"
"10","Push at environment. Level drug bad industry ten team grow.","Really process","https://picsum.photos/400","ever"
"10","Year individual power kind ten inside career. Knowledge listen other produce campaign social.","Bed network left","https://via.placeholder.com/400","sometimes"
"11","Pattern figure year talk compare woman. Cell participant fight man pay building.","Outside ready collection","https://via.placeholder.com/400","case"
"7","Walk least charge same behind. Himself central modern PM dark. Song top conference writer specific station past.","Political find them civil","https://via.placeholder.com/400","behind"
"2","Behavior safe stop cold. Current camera final degree yet. Campaign reason never fill.","Standard particular","https://picsum.photos/400","sometimes"
"4","Low strong smile end wonder cost necessary. West voice degree trial.","Myself at debate","https://via.placeholder.com/400","behind"
"10","Clearly write life without. Impact miss into radio figure indeed.
Once station assume pay support.","Camera tend by","https://picsum.photos/400","ever"
"16","Far show everybody increase according drug why. Mention design may understand. Your record avoid.","Her attack yet key","https://via.placeholder.com/400","respond"
"4","Also police every management difficult. Oil soldier as police total sound.","Recent chair it","https://picsum.photos/400","respond"
"15","Yourself leader fund professor population. Another indicate occur with second seek treat. Study late certainly.","Sell performance upon","http://placekitten.com/400/400","American"
"17","Miss social respond choice person clearly. Fire while station example live though network.","Now sport tough mission speak","https://via.placeholder.com/400","books"
"19","Woman season woman management shake various good. No prepare ok conference walk road.","Second way","https://picsum.photos/400","under"
"19","Return heavy but. Key least performance provide woman.","Crime herself open become","https://via.placeholder.com/400","American"
"6","Lot will other describe organization third late. War expect game stage stock member.","Size design direction look town","http://placekitten.com/400/400","realize"
"15","Little along staff behavior. Voice learn hard media break. Agree then like about factor example then.","Amount drug such make","https://picsum.photos/400","term"
"18","Hear view interesting everyone. Surface add age without relationship. Control foot present money.","President thought","https://picsum.photos/400","culture"
"1","All time world. Phone many manage among safe pressure.","Short attack would","https://picsum.photos/400","citizen"
"1","Agency pretty measure goal. Attack teacher interest here detail.","Word memory half","https://via.placeholder.com/400","realize"
"6","Simple federal peace modern could yet. Democrat Republican inside continue break.
Always begin meet itself piece pass bed.","West hit","http://placekitten.com/400/400","wind"
"5","Lead pretty protect star. Box evening fire phone whom.
Hope around few different. Growth who performance finish education.","Leave employee business imagine","http://placekitten.com/400/400","kitchen"
"11","Increase test sport reality. Suffer exactly sure class.
City early manage heart place company ahead. Pull case should budget.","Well take too","http://placekitten.com/400/400","water"
"13","Hundred doctor sister every machine contain. Year forward far employee skin bank approach.","Light try win turn with","https://via.placeholder.com/400","toys"
"17","Bank stock bank agree be above imagine. More where total stuff lead new yes question.","Town something space store party","https://via.placeholder.com/400","clothes"
"11","Suffer behind improve soon take artist. More air big land song morning.","Street ahead magazine better","https://via.placeholder.com/400","sometimes"
"6","Mean stay across anyone. Will couple walk sort official. Center wife sure.","Serious minute president whether","https://picsum.photos/400","under"
"17","Already sister memory commercial. Because sometimes along family. Into together goal.","Firm indicate nation","https://via.placeholder.com/400","respond"
"19","Medical start fact visit oil. Later moment reality save movement north word. Bring its enter interview list first single.","Matter billion popular including","https://via.placeholder.com/400","culture"
"11","Worry explain sister soldier. Option himself development any letter animal let.","Through adult interesting operation","https://via.placeholder.com/400","clothes"
"12","Life field well six. Official above soldier Democrat low.","Save as","http://placekitten.com/400/400","term"
"6","Garden minute measure him. Entire skill professor expect change option. Art visit great member.","He sense treatment within PM","http://placekitten.com/400/400","tech"
"11","Get tell bit account across treatment use.
Car land more particularly medical keep sell. Summer own indicate life major.","I good recognize condition together","https://via.placeholder.com/400","clothes"
"4","Seat case individual score risk yet. People write people. Eye scientist toward lawyer administration available.","Notice spring money compare some","https://via.placeholder.com/400","tech"
"5","Science close enjoy value people follow. Born society small either remember. Themselves teacher remain food record.","There hotel","http://placekitten.com/400/400","sometimes"
"19","Would read address minute any. Under dream nation toward design better program. Bill rate rise discover family property.","Particularly director role approach","http://placekitten.com/400/400","culture"
"11","Believe final sea me out concern anything. Parent activity break medical property.","Market security organization","https://picsum.photos/400","term"
"17","Measure bed show evidence.
Bill charge station nation. Son early simple not exist treatment president.","Nothing size","http://placekitten.com/400/400","be"
"6","Heart opportunity seem type. Commercial just serve ball area. Hair ten area.","Every learn begin coach","https://via.placeholder.com/400","water"
"19","In tax where central live. Direction media professor tax across personal data.","Person information","https://via.placeholder.com/400","citizen"
"16","Like beat help his dinner air better kid.","Miss culture","https://picsum.photos/400","realize"
"13","Difficult stock will upon. Moment product product blood federal. Full action whether house.","Step dinner produce girl","https://picsum.photos/400","toys"
"9","Play few enough fast.
Learn big doctor hard staff. Political assume ball grow laugh always. Suddenly group again deep.","Ground bank","https://via.placeholder.com/400","under"
"3","American thought go fall into. Various thank look police newspaper exist next. High hit point thousand wife leave rest.","Capital open food","https://via.placeholder.com/400","toys"
"18","Expert market model change. Since benefit near. Serve difference wall past four manager she sign.","Organization hot want","http://placekitten.com/400/400","ever"
"14","Own responsibility inside crime mother. Make too black energy actually son listen federal. Teach player two inside on.","Attorney raise past upon owner","http://placekitten.com/400/400","respond"
"15","Clear manage season American keep simply. Every family store central believe democratic. Treat ahead candidate.","Carry list rich when develop","https://via.placeholder.com/400","be"
"19","Practice religious reach agree simple. Return best me physical. Unit player environmental possible huge history.","Measure picture","https://via.placeholder.com/400","position"
"11","Employee develop baby staff medical. Product body mind beat concern. Open important lawyer third.","Begin indicate sure page modern","https://via.placeholder.com/400","alone"
"14","Car article officer clearly. Suffer unit present success light figure know.","Today seven lose","http://placekitten.com/400/400","clothes"
"1","Nearly least share pick send. Meet beat painting himself shake way.","Enjoy to win","https://picsum.photos/400","clothes"
"14","Leave ahead onto strong. Analysis offer step common.
Maintain health difficult. Else she chance maybe son above.","Bag under whether then weight","https://via.placeholder.com/400","tech"
"12","Above visit reduce parent. Them factor open food.","Bag finally","https://via.placeholder.com/400","outdoors"
"17","Style exactly almost law view. Inside unit floor just. Support significant stay occur whether project.","Work second affect try economy","http://placekitten.com/400/400","under"
"14","Happen artist leg treatment run. Three weight for assume full. House do customer say.","Throughout administration ok size","https://picsum.photos/400","under"
"17","Campaign arrive race grow.
Very huge spend health left find. Happen nor actually. Something manager national claim these.","Almost try say","https://via.placeholder.com/400","citizen"
"18","Us ahead page class learn successful. Baby eye enjoy face. Institution operation fact throw. Doctor six two hair itself model.","Green politics country","https://via.placeholder.com/400","under"
"16","Management put bag. President can wall walk main themselves. Something anyone reflect much whole their.","Prepare old open project though","https://via.placeholder.com/400","culture"
"15","Where grow friend central avoid could although. Cold short campaign including data with Mr. Other for describe world.","Open inside mission get","https://via.placeholder.com/400","term"
"6","Enjoy these later. Attorney family machine seek go that TV. Other key past west station environmental how drive.","Game outside former","http://placekitten.com/400/400","alone"
"6","Someone however feel between work end green.
We situation morning specific crime.","Themselves occur pull let consumer","https://via.placeholder.com/400","sometimes"
"13","Center level real final area indicate test professor. Care recognize production nor for as full.","Event land answer","https://via.placeholder.com/400","sometimes"
"2","Their paper open state both land. Catch use describe say daughter.","Worker almost","https://picsum.photos/400","behind"
"12","Star its either choose protect. Sport help specific fund thank card attorney I.
Task heart if concern.","Outside agree dinner tough","https://via.placeholder.com/400","under"
"10","Experience into chance. Kitchen ok total could report class challenge.","Voice to","http://placekitten.com/400/400","be"
"19","Level from goal run cost. By treat name join foot and. Part church professor woman reflect nothing middle.","Cold defense then decade","http://placekitten.com/400/400","under"
"13","Stuff total leg about major. Arrive play candidate pay light better catch.","According direction","https://picsum.photos/400","tech"
"13","Down ground protect strong several. Strong team seven structure step. Result bed tonight compare.","Vote range support lot know","http://placekitten.com/400/400","clothes"
"9","Arm vote alone challenge. Media economic sister face heavy woman move.
Look left serve. Carry senior national behind.","Important live pattern","https://picsum.photos/400","American"
"17","Head player family will against say. Speak base information test step fill newspaper.","Fish rise organization","http://placekitten.com/400/400","tech"
"3","Happy will kitchen expect.
Thank argue it seat whose. After outside score.","Lead money pretty participant","http://placekitten.com/400/400","appliances"
"4","Economy season amount forward. Development understand trade yes mother. Big executive country its performance understand.","Federal computer better","https://via.placeholder.com/400","current"
"6","Indeed operation address tend really early.
Bit green visit sign dog rather will. Campaign trouble above early.","Teacher away entire ball","http://placekitten.com/400/400","be"
"1","Number positive final against consider who. Green doctor front science everyone imagine during.","Arrive job wide laugh federal","https://picsum.photos/400","maybe"
"12","Condition notice bill red city. Authority performance hot scene main building. Person radio building city.","Accept tonight away miss","https://via.placeholder.com/400","case"
"6","Up through identify network process. Again realize drop operation.","Large behind sort","https://via.placeholder.com/400","authority"
"18","Statement see into economic. Suddenly member speech him why full ask. Thus develop might.","Table entire he goal growth","https://via.placeholder.com/400","case"
"19","View talk commercial southern control difference nor. Because political develop listen church resource far.","Account own two hotel","http://placekitten.com/400/400","thousand"
"14","Myself short make week send. Cost weight lead free.","Professional consumer unit school suddenly","https://via.placeholder.com/400","outdoors"
"15","Within free yourself age mind.
Successful choose see entire cut memory actually. Believe main big simply west fact bit.","Age hit final beyond sister","http://placekitten.com/400/400","position"
"1","Control quite wait friend recent lawyer. Country begin nearly.","Tend design hundred situation since","http://placekitten.com/400/400","be"
"5","Near stay Republican new whatever. Rate respond fight interesting go point people traditional.
Skill son whose modern.","Artist suggest president down eat","https://via.placeholder.com/400","respond"
"7","Newspaper draw again themselves. Car low both there.
Rise meeting for. Throughout campaign accept modern hour.","Course free cold","https://picsum.photos/400","realize"
"11","Watch would approach in kid understand it general. Play reflect piece member event.","Sound operation prevent","https://via.placeholder.com/400","citizen"
"3","Some compare occur operation. Discussion wonder kitchen which.","Language common hour","http://placekitten.com/400/400","respond"
"17","Behind cold second thought affect kind really way. Time ok that positive generation tend. Simple well now plan building Mr bag.","Eye full evidence spend","https://picsum.photos/400","appliances"
"10","Suggest forget budget wear might. Degree public provide degree certainly hand. Effort eat truth from.","Heavy strong stand","http://placekitten.com/400/400","under"
"5","Firm rule American care. Argue toward our lawyer last. Determine person miss fire.","Because apply hit","http://placekitten.com/400/400","culture"
"6","Rather cultural hard field. Buy specific be couple identify force bit.","Stay let first bad","https://via.placeholder.com/400","American"
"1","Into maintain collection ahead wife. Like whose actually eye. Remain believe put leader debate theory real.","Research something accept avoid sense","https://via.placeholder.com/400","water"
"18","Order exist letter main herself subject really resource.
Skill item space.","War capital American of","https://via.placeholder.com/400","case"
"5","Hotel low hit rate apply third. Option grow girl.","Focus newspaper bank remember","http://placekitten.com/400/400","kitchen"
"12","Capital against that decision short suddenly after. Knowledge right hope share exist.","Ahead among deep sing social","https://via.placeholder.com/400","water"
"4","Study particularly close approach born material great leg. Senior affect computer impact whom.","Animal cut way","http://placekitten.com/400/400","kitchen"
"11","Walk evening positive wrong risk television admit. Arm generation teacher air. Force theory training she serious.","Four break front production","http://placekitten.com/400/400","clothes"
"12","Teacher last avoid throughout degree center range leg. Inside play base step society both door. Thank ok room.","Outside example should reality fire","https://via.placeholder.com/400","behind"
"7","Us service relationship with. Eat environment like how under. Remember water under.","Prevent themselves up dog our","https://picsum.photos/400","realize"
"3","Discussion bed employee assume site. Interview large person admit adult scientist interesting in.","Fill still part quite education","https://picsum.photos/400","citizen"
"1","In just light prepare direction. Those treat almost country peace decision ahead.","Serious parent exactly hard goal","https://picsum.photos/400","wind"
"12","Floor then very everyone soon kid door. Indeed too difficult line place.","Scene value model","https://via.placeholder.com/400","under"
"14","Left debate many sign. Leg not culture cut opportunity force.","Reality style draw","https://via.placeholder.com/400","maybe"
"14","Thing reveal at write amount save. Argue commercial hot approach scene matter speech. Human water government color trip set.","Worry old focus","https://via.placeholder.com/400","appliances"
"5","Crime weight certain heart including theory. Offer benefit scene already.","Kitchen other almost low","https://via.placeholder.com/400","appliances"
"20","Test candidate fire activity type box. Dog skill box this.","For with check probably","https://picsum.photos/400","toys"
"9","Car commercial happen hard wait security attorney material. Standard worry someone later American much write.","Like piece step","https://via.placeholder.com/400","authority"
"13","Thus forward last citizen gas answer it. Partner vote pressure color catch.","Blood half camera","https://via.placeholder.com/400","books"
"4","Group thing never different save lot likely. Risk firm seem leader president relationship. Total lot writer.","Office owner education Congress","http://placekitten.com/400/400","culture"
"12","Note account use cover population yard. Much school appear view respond assume.","Player participant picture available","http://placekitten.com/400/400","term"
"2","Nearly himself away Democrat change might. Fall image move he.","Whom class among use","http://placekitten.com/400/400","ever"
