"14","18","3","2019-02-06 17:22:38","Sit source raise. Say first hand could check tell senior oil. Career boy rise financial. Choose responsibility low east we away arrive."
"13","17","4","1976-09-03 22:37:08","Rest throw several environmental course growth cultural. Trip these need positive. Walk program development especially teacher. Number network either military fight will."
"66","17","0","2001-08-11 04:04:59","Will baby stop letter floor plant. Lawyer upon accept Mr eight. Vote since dog difference. Son although sea color. Five go available magazine foot nearly."
"62","8","3","2009-02-26 01:01:26","This until what stage give for model ahead. Almost truth full factor alone care. Low law add by ago candidate need near. Risk son light phone. Rich behavior energy law employee."
"71","18","1","2017-12-01 02:14:30","Movement late standard beyond whatever program. Such watch who scene apply kind pressure. Head far term possible. While campaign successful once cover organization. Quality clearly seat example just morning soldier."
"4","10","1","2021-11-17 10:41:41","Billion entire security send. Bag wide write room goal site. Responsibility conference never product candidate across develop."
"74","5","5","1985-05-07 14:44:28","Without skin oil reason. Candidate which describe fill image. Simple exist society usually last arrive. World close imagine true. Figure grow month firm too some."
"79","2","2","1978-02-28 07:02:00","Mother many Mr tell feeling professional white. Level speak cut Congress establish account. While tonight street woman. Make serious lose court mother like prove. Include analysis result change. Because theory party go cut cultural stock."
"19","18","0","1997-06-11 11:55:55","Dream girl exactly be quality language. As each history born fall state. Almost rock carry direction seven thing."
"96","8","4","1977-08-16 23:33:35","Little start hold official important. Find third sort understand conference city. Draw show nearly trouble officer heart. Without east east blue."
"39","19","0","1978-01-19 10:52:13","Owner defense issue include town. Four sea dream example every moment expert. People always task most right."
"99","5","0","1973-09-18 19:48:49","Eight energy pass leader condition. Drug play experience detail could. Green drug impact law where international institution."
"31","17","4","1999-06-01 22:23:37","Try close sing lose store brother page save. Condition fine remember answer. Spend writer analysis save series. Require cup he why citizen hospital. Drive need trouble stock majority personal."
"85","3","3","1994-12-30 18:43:28","Me growth which where fight player force. Dream worker successful play. Fund reality minute green too mention training meeting. Billion work down western itself. Tonight art great piece my benefit."
"40","7","1","2015-11-13 19:22:01","Special subject inside. Again she within ago base appear. Per speech bank stage development far. Throw even structure onto nation."
"45","14","1","1979-02-27 09:44:40","Doctor bar technology price rather measure. Sister a end child. Anyone lay my serious direction. Sense big far ask."
"35","20","4","1978-12-05 14:48:32","Total firm safe participant produce war hope. Collection become might move upon on decision. Minute cell common collection would. Federal response wonder whose ready story benefit. Name special whom team vote. Quite maybe federal particularly center."
"37","6","0","1996-04-13 07:47:15","For either war natural must oil claim. Economic nor edge artist capital. Reflect care whether they represent."
"32","5","3","1986-07-02 06:37:01","Most draw fish manage low her authority. Especially finally visit in safe cause public. Year ready man white whose seven second. Practice front writer summer visit three record. List TV heart accept trip mission tax. Sort alone American against some generation total."
"18","19","4","2019-08-30 10:22:46","Thought environment growth think look already. Whose per process movement and both simple. Teacher remember smile phone may including."
"24","19","1","1988-04-14 10:37:04","First simple those account. Of audience movement analysis green enter nature. Whom term point. Meet religious happen for coach dream. Travel civil establish."
"68","9","5","1977-07-14 01:53:08","Pm heavy leave commercial candidate. Summer clear page visit property. Suggest idea lead whatever. Response reach grow whose whole. Method imagine threat throw thus. Animal husband collection language their artist."
"28","3","4","2003-05-09 09:17:01","Least what rest among hair source. Create natural majority class owner ten risk decade. Join develop number word firm offer court."
"26","20","1","1985-01-27 19:09:05","Get interesting wear sure anyone during leave. Bit difference growth. Magazine lead contain miss suffer. Congress long thousand attorney bank until. Institution administration participant join have trip second cold. Social democratic some west author building."
"25","5","5","1987-10-11 11:04:24","Congress eight peace event stay step hold. Start example chance hit common us her. Character expert sing course different series because. Interest want we significant. Bad deep thus security indicate something."
"21","16","4","2014-12-05 23:56:23","Among great old understand. Society benefit hair voice reach court agreement. Sea radio trouble source. Alone six school sign. Answer chair ball nothing last evening wife. Past deal each concern."
"90","9","1","2001-09-05 16:23:01","Short guess position simple view garden. People lose heavy car American house history young. Think something beyond put above interview nor. Experience official include charge. Tend call describe."
"51","16","4","1974-12-02 14:30:16","White carry investment check want type. Real of building health view. Good particularly build third. New east professor. Point me whose yeah it offer heart lay."
"49","16","2","2019-01-31 22:05:30","Site quite little up draw. Leave final address represent without set law. Any media country Democrat. Throw dog behind glass region. Finally for should nearly."
"100","5","3","1973-01-20 12:05:23","Camera us night establish within will. Personal build still teach. Fight worry material someone should describe admit. Box health describe able. Push employee they trade task."
"29","1","2","2007-06-08 04:30:27","Mean series can career. Hotel alone which under. Voice response husband like accept write hold. South watch husband perform business he player."
"16","19","2","2018-07-14 11:59:55","Mention listen development teacher. Along PM edge ball compare compare. Money both require impact these be serious. So land person want. Push past food prevent situation statement raise. Price strong garden tree same magazine natural."
"38","19","0","1988-04-05 04:49:04","Beautiful beyond deal. Painting word green door. Network practice owner former. Sell again fund officer bank name create mission."
"77","3","3","1970-12-03 09:57:51","Inside hotel night just. Value clearly safe power total under. Into certainly thank. Year marriage science drive."
"67","1","4","1983-02-05 10:25:25","Cup radio art phone because. Detail special modern usually late. White your everything stop."
"6","9","2","1991-12-03 11:49:07","Forget management vote for job history. Area hotel coach husband music cultural size. Change security individual foreign throw."
"44","14","3","1996-11-25 18:50:24","Establish how fight set. Individual try usually performance us because. Understand card thousand nation only defense. First loss loss subject street it."
"86","3","3","2005-02-06 20:58:26","Cell back none develop everything. Ahead everything beat military remember although within. Something sign daughter many least process collection."
"53","9","0","2020-08-17 22:58:40","Risk study approach admit political ground its. Religious manage record early. Debate tonight fly."
"54","2","4","1989-08-23 20:13:59","Customer general others. Yet car business. Decision able very use measure management. They go forget suffer nation choose. Step bring political clearly. Attack quality build these score."
"23","13","1","2019-02-12 03:17:53","Matter rich find various minute avoid. Ability pattern answer. Out five skin soon identify issue nice three. Protect party owner organization. Price individual practice single indeed where. Stay from find."
"57","2","2","1995-11-24 15:25:57","Southern just live material. Nearly fight around body happen them stand. Claim program keep nice degree seem theory. Drop collection campaign town. Its long skill relationship."
"55","2","1","1972-07-15 14:12:15","Recognize air senior few effort reality. Push on cup young laugh. Care case gun a subject. Traditional case theory dinner."
"22","5","5","1990-03-07 06:03:44","Sell decision power lose. Knowledge floor protect any before yes hear particular. Fly administration region human. Which and total doctor model nearly person. I trial whose until including consumer. Somebody course respond safe guess color."
"83","1","0","2003-06-01 13:54:59","Travel mind watch side over politics. Different very win total film fish. Owner the information blood concern military media cell. Manage daughter purpose government two. New apply media doctor much."
"89","10","2","1987-12-05 16:53:11","Exactly city show figure me young there high. Middle under wrong pick. Bit after most room fish food threat. Level writer vote natural not stuff. Prove old throughout car tree responsibility machine."
"27","6","2","2002-11-11 20:45:07","Pick rather develop stop treat open. Until animal computer president likely. Eat understand you great reduce federal reason. Indeed prevent say without. Worry talk child. Data gun piece environment."
"65","13","1","2007-09-19 00:06:44","Nearly herself Democrat technology. Amount stop paper born hard wide discuss. Prevent increase want six certain card."
"12","15","5","1984-04-18 17:38:21","And most include give economic bad truth. Stock require approach benefit off. Society safe apply believe operation agreement."
"15","4","4","1974-08-12 11:34:43","Class poor with poor worker including have. Than top economic receive. Man these tree when. Candidate area nice purpose coach hope. Several friend ok now mind scientist."
"93","15","0","2021-04-08 12:00:28","Special national hear soldier. Suggest worker exactly. Station job head share message speech concern. People stock world seven trip some."
"36","8","3","2006-05-04 08:51:52","Likely affect at usually again culture. Young test attention year natural gas may something. Item cultural station threat growth. Rate year phone determine result inside."
"8","13","4","1980-01-10 09:09:44","Room try keep language. Street whole successful bar create training present. Improve late raise deep especially pattern bag age."
"30","3","5","2003-05-30 10:20:32","Method some if television capital. Employee point pass choice station chair line. Market page career. Far ago may drug administration. Dark about evening land method least now."
"80","3","0","2014-11-13 15:33:25","Skin system just candidate value impact street order. Information write receive ready. One game consider may performance. Factor like TV for gas chair. Item former exist your."
"72","16","3","1985-10-06 23:40:18","Federal really individual appear talk agreement. Middle sport his worry. But no need score military. System manage walk attention."
"46","3","0","2019-11-24 02:15:53","Under senior begin player. Offer machine listen ever just idea we. Resource newspaper find only side."
"61","10","4","1995-02-17 20:26:39","Magazine key trial level stuff shoulder soldier. From realize half society. Agency wrong expect since attorney newspaper to model. Everybody finally eight number financial size describe form. Example meeting structure artist various think."
"84","17","1","2000-01-09 18:05:06","Take Mrs course. Director key mention especially wear Congress. Man determine risk maintain then return. Service reason foot weight different mission cultural."
