"2","391","1"
"2","391","2"
"2","391","3"
"2","368","1"
"2","486","1"
"2","486","2"
"2","486","3"
"2","490","1"
"2","490","2"
"2","490","3"
"2","96","1"
"2","96","2"
"2","96","3"
"2","96","4"
"2","96","5"
"2","100","1"
"2","342","1"
"2","342","2"
"2","342","3"
"2","342","4"
"2","342","5"
"2","342","6"
"2","342","7"
"2","342","8"
"2","342","9"
"2","439","1"
"2","439","2"
"2","439","3"
"2","439","4"
"2","439","5"
"2","439","6"
"2","439","7"
"2","439","8"
"2","439","9"
"2","352","1"
"2","352","2"
"2","352","3"
"2","352","4"
"2","352","5"
"2","352","6"
"2","352","7"
"2","352","8"
"2","352","9"
"2","352","10"
"2","454","1"
"2","454","2"
"2","266","1"
"2","266","2"
"2","440","1"
"2","440","2"
"2","440","3"
"2","440","4"
"2","440","5"
"2","440","6"
"2","440","7"
"2","440","8"
"2","440","9"
"2","440","10"
"2","365","1"
"2","365","2"
"2","365","3"
"2","365","4"
"2","365","5"
"2","365","6"
"2","28","1"
"2","233","1"
"2","233","2"
"2","233","3"
"2","233","4"
"2","233","5"
"2","233","6"
"2","233","7"
"2","233","8"
"2","233","9"
"2","105","1"
"2","105","2"
"2","392","1"
"2","392","2"
"2","392","3"
"2","392","4"
"2","359","1"
"2","359","2"
"2","366","1"
"2","366","2"
"2","366","3"
"2","366","4"
"2","366","5"
"2","181","1"
"2","181","2"
"2","181","3"
"2","181","4"
"2","181","5"
"2","181","6"
"2","181","7"
"2","181","8"
"2","84","1"
"2","84","2"
"2","84","3"
"2","84","4"
"2","84","5"
"2","84","6"
"2","84","7"
"2","84","8"
"2","84","9"
"2","84","10"
"2","216","1"
"2","216","2"
"2","216","3"
"2","216","4"
"2","216","5"
"2","216","6"
"2","216","7"
"2","364","1"
"2","448","1"
"2","448","2"
"2","448","3"
"2","448","4"
"2","448","5"
"2","448","6"
"2","448","7"
"2","448","8"
"2","448","9"
"2","448","10"
"2","246","1"
"2","246","2"
"2","246","3"
"2","246","4"
"2","246","5"
"2","246","6"
"2","246","7"
"2","246","8"
"13","22","1"
"13","22","2"
"13","22","3"
"13","22","4"
"13","22","5"
"13","22","6"
"13","22","7"
"13","22","8"
"13","22","9"
"13","22","10"
"13","52","1"
"13","52","2"
"13","52","3"
"13","52","4"
"13","52","5"
"13","52","6"
"13","52","7"
"13","52","8"
"13","223","1"
"13","223","2"
"13","223","3"
"13","117","1"
"13","117","2"
"13","117","3"
"13","117","4"
"13","117","5"
"13","36","1"
"13","36","2"
"13","36","3"
"13","36","4"
"13","36","5"
"13","36","6"
"13","36","7"
"13","328","1"
"13","328","2"
"13","328","3"
"13","328","4"
"13","328","5"
"13","328","6"
"13","328","7"
"13","328","8"
"13","328","9"
"13","476","1"
"13","476","2"
"13","476","3"
"13","249","1"
"13","249","2"
"13","249","3"
"13","249","4"
"13","249","5"
"13","249","6"
"13","249","7"
"13","249","8"
"13","249","9"
"13","37","1"
"13","37","2"
"13","37","3"
"13","37","4"
"13","37","5"
"13","37","6"
"13","37","7"
"13","37","8"
"13","488","1"
"13","488","2"
"13","488","3"
"13","488","4"
"13","488","5"
"13","488","6"
"13","488","7"
"13","488","8"
"13","176","1"
"13","172","1"
"13","172","2"
"13","172","3"
"13","172","4"
"13","172","5"
"13","172","6"
"13","194","1"
"13","348","1"
"13","348","2"
"13","348","3"
"13","348","4"
"13","348","5"
"13","348","6"
"13","348","7"
"13","13","1"
"13","13","2"
"13","13","3"
"13","13","4"
"13","13","5"
"13","13","6"
"13","13","7"
"13","13","8"
"13","442","1"
"13","442","2"
"13","442","3"
"13","442","4"
"13","442","5"
"13","371","1"
"13","371","2"
"13","371","3"
"13","371","4"
"13","371","5"
"13","371","6"
"13","175","1"
"13","175","2"
"13","175","3"
"13","175","4"
"13","175","5"
"13","175","6"
"13","175","7"
"13","175","8"
"13","115","1"
"13","115","2"
"13","400","1"
"13","400","2"
"13","400","3"
"13","400","4"
"13","400","5"
"13","400","6"
"13","351","1"
"13","351","2"
"13","351","3"
"13","450","1"
"13","286","1"
"13","286","2"
"13","286","3"
"13","286","4"
"13","286","5"
"13","100","2"
"13","100","3"
"13","100","4"
"13","100","5"
"13","100","6"
"13","100","7"
"13","100","8"
"13","100","9"
"13","386","1"
"13","386","2"
"13","386","3"
"13","101","1"
"13","101","2"
"13","101","3"
"13","101","4"
"13","101","5"
"13","101","6"
"13","101","7"
"13","306","1"
"13","306","2"
"13","306","3"
"13","306","4"
"13","306","5"
"13","83","1"
"13","83","2"
"13","319","1"
"13","319","2"
"13","319","3"
"13","319","4"
"13","319","5"
"13","319","6"
"13","319","7"
"13","218","1"
"13","218","2"
"13","218","3"
"13","218","4"
"13","218","5"
"13","218","6"
"13","218","7"
"13","218","8"
"13","218","9"
"13","238","1"
"13","238","2"
"13","238","3"
"13","238","4"
"13","238","5"
"13","238","6"
"13","238","7"
"13","238","8"
"13","121","1"
"13","121","2"
"13","121","3"
"13","384","1"
"13","384","2"
"13","384","3"
"13","384","4"
"13","42","1"
"13","42","2"
"13","42","3"
"13","42","4"
"13","42","5"
"13","42","6"
"13","42","7"
"13","380","1"
"13","380","2"
"13","380","3"
"13","380","4"
"13","380","5"
"13","43","1"
"13","43","2"
"13","43","3"
"13","329","1"
"13","329","2"
"13","329","3"
"13","484","1"
"13","484","2"
"13","484","3"
"13","469","1"
"13","469","2"
"13","469","3"
"13","469","4"
"13","469","5"
"13","469","6"
"13","469","7"
"7","92","1"
"7","92","2"
"7","92","3"
"7","112","1"
"7","112","2"
"7","112","3"
"7","112","4"
"7","362","1"
"7","362","2"
"7","362","3"
"7","362","4"
"7","362","5"
"7","272","1"
"7","272","2"
"7","272","3"
"7","428","1"
"7","428","2"
"7","428","3"
"7","428","4"
"7","428","5"
"7","428","6"
"7","428","7"
"7","428","8"
"7","428","9"
"7","428","10"
"7","205","1"
"7","205","2"
"7","448","11"
"7","448","12"
"7","448","13"
"7","448","14"
"7","448","15"
"7","448","16"
"7","409","1"
"7","409","2"
"7","409","3"
"7","409","4"
"7","276","1"
"7","276","2"
"7","276","3"
"7","23","1"
"7","23","2"
"7","23","3"
"7","29","1"
"7","29","2"
"7","29","3"
"7","29","4"
"7","29","5"
"7","29","6"
"7","29","7"
"7","102","1"
"7","102","2"
"7","322","1"
"7","35","1"
"7","35","2"
"7","35","3"
"7","171","1"
"7","171","2"
"7","171","3"
"7","171","4"
"7","171","5"
"7","171","6"
"14","258","1"
"14","258","2"
"14","258","3"
"14","258","4"
"14","258","5"
"14","258","6"
"14","258","7"
"14","107","1"
"14","107","2"
"14","107","3"
"14","107","4"
"14","397","1"
"14","397","2"
"14","157","1"
"14","157","2"
"14","157","3"
"14","157","4"
"14","157","5"
"14","117","6"
"14","117","7"
"14","117","8"
"14","117","9"
"14","117","10"
"14","117","11"
"14","117","12"
"14","117","13"
"14","117","14"
"14","117","15"
"14","80","1"
"14","80","2"
"14","440","11"
"14","440","12"
"14","440","13"
"14","440","14"
"14","492","1"
"14","113","1"
"14","113","2"
"14","113","3"
"14","113","4"
"14","113","5"
"15","126","1"
"15","383","1"
"15","383","2"
"15","383","3"
"15","482","1"
"15","482","2"
"15","482","3"
"15","482","4"
"15","482","5"
"15","482","6"
"15","482","7"
"15","482","8"
"15","482","9"
"15","475","1"
"15","475","2"
"15","421","1"
"15","421","2"
"15","421","3"
"15","421","4"
"15","421","5"
"15","421","6"
"15","421","7"
"15","421","8"
"15","421","9"
"15","59","1"
"15","59","2"
"15","59","3"
"15","59","4"
"15","59","5"
"15","59","6"
"15","59","7"
"15","59","8"
"15","59","9"
"15","59","10"
"15","188","1"
"15","188","2"
"15","188","3"
"15","188","4"
"15","188","5"
"15","188","6"
"15","188","7"
"15","188","8"
"15","464","1"
"15","464","2"
"15","464","3"
"15","464","4"
"15","464","5"
"15","464","6"
"15","37","9"
"15","37","10"
"15","37","11"
"15","37","12"
"15","37","13"
"15","37","14"
"15","37","15"
"15","317","1"
"15","317","2"
"15","317","3"
"15","317","4"
"15","317","5"
"15","115","3"
"15","97","1"
"15","97","2"
"15","97","3"
"15","97","4"
"15","97","5"
"15","97","6"
"15","97","7"
"15","321","1"
"15","321","2"
"15","378","1"
"15","378","2"
"15","378","3"
"15","229","1"
"15","229","2"
"15","229","3"
"15","229","4"
"15","229","5"
"15","229","6"
"15","229","7"
"15","93","1"
"15","93","2"
"15","93","3"
"15","93","4"
"15","425","1"
"15","425","2"
"15","425","3"
"15","425","4"
"15","425","5"
"15","425","6"
"15","425","7"
"15","425","8"
"15","425","9"
"15","425","10"
"15","308","1"
"15","308","2"
"15","308","3"
"15","308","4"
"15","308","5"
"15","308","6"
"15","308","7"
"15","185","1"
"15","185","2"
"15","185","3"
"15","185","4"
"15","312","1"
"15","312","2"
"15","312","3"
"15","312","4"
"15","221","1"
"15","221","2"
"15","221","3"
"15","263","1"
"15","263","2"
"15","263","3"
"15","251","1"
"15","251","2"
"15","251","3"
"15","251","4"
"15","251","5"
"15","251","6"
"15","251","7"
"15","251","8"
"15","251","9"
"15","251","10"
"15","153","1"
"15","153","2"
"15","299","1"
"15","299","2"
"15","299","3"
"15","299","4"
"15","299","5"
"15","299","6"
"15","299","7"
"15","299","8"
"15","299","9"
"15","339","1"
"15","339","2"
"15","339","3"
"15","339","4"
"15","339","5"
"15","339","6"
"19","52","9"
"19","52","10"
"19","52","11"
"19","52","12"
"19","81","1"
"19","81","2"
"19","81","3"
"19","81","4"
"19","81","5"
"19","222","1"
"19","222","2"
"19","222","3"
"19","222","4"
"19","222","5"
"19","222","6"
"19","222","7"
"19","222","8"
"19","220","1"
"19","220","2"
"19","1","1"
"19","1","2"
"19","1","3"
"19","1","4"
"19","325","1"
"19","325","2"
"19","325","3"
"19","325","4"
"19","325","5"
"19","325","6"
"19","325","7"
"19","325","8"
"19","325","9"
"19","143","1"
"19","143","2"
"19","143","3"
"19","143","4"
"19","143","5"
"19","143","6"
"19","143","7"
"19","267","1"
"19","267","2"
"19","267","3"
"19","267","4"
"19","267","5"
"19","267","6"
"19","267","7"
"19","267","8"
"19","343","1"
"19","343","2"
"19","343","3"
"19","343","4"
"19","343","5"
"19","343","6"
"19","343","7"
"19","343","8"
"19","343","9"
"19","343","10"
"19","364","2"
"19","364","3"
"19","26","1"
"19","26","2"
"19","26","3"
"19","26","4"
"19","493","1"
"19","493","2"
"19","493","3"
"19","493","4"
"19","493","5"
"19","493","6"
"19","493","7"
"19","493","8"
"19","493","9"
"19","493","10"
"19","241","1"
"19","241","2"
"19","237","1"
"19","237","2"
"19","237","3"
"19","237","4"
"19","237","5"
"19","237","6"
"19","237","7"
"19","237","8"
"19","237","9"
"19","237","10"
"19","344","1"
"19","344","2"
"19","344","3"
"19","344","4"
"19","344","5"
"19","344","6"
"19","344","7"
"19","344","8"
"19","344","9"
"19","123","1"
"19","123","2"
"19","123","3"
"19","123","4"
"19","123","5"
"19","123","6"
"19","123","7"
"19","123","8"
"19","123","9"
"19","123","10"
"19","12","1"
"19","12","2"
"19","12","3"
"19","12","4"
"19","12","5"
"19","12","6"
"19","463","1"
"19","463","2"
"19","463","3"
"19","463","4"
"19","463","5"
"19","463","6"
"19","463","7"
"19","463","8"
"19","275","1"
"19","275","2"
"19","275","3"
"19","275","4"
"19","275","5"
"19","275","6"
"19","275","7"
"19","275","8"
"19","175","9"
"19","175","10"
"19","175","11"
"19","175","12"
"19","175","13"
"19","175","14"
"19","175","15"
"19","175","16"
"19","175","17"
"19","435","1"
"19","435","2"
"19","435","3"
"19","435","4"
"19","435","5"
"19","435","6"
"19","435","7"
"19","435","8"
"19","179","1"
"19","179","2"
"19","179","3"
"19","111","1"
"19","111","2"
"19","412","1"
"19","412","2"
"19","412","3"
"19","412","4"
"19","412","5"
"19","412","6"
"19","67","1"
"19","67","2"
"19","67","3"
"19","67","4"
"19","69","1"
"19","69","2"
"19","100","10"
"19","100","11"
"19","100","12"
"19","100","13"
"19","100","14"
"19","100","15"
"19","100","16"
"19","100","17"
"19","102","3"
"19","102","4"
"19","102","5"
"19","102","6"
"19","253","1"
"19","253","2"
"19","253","3"
"19","253","4"
"5","425","11"
"5","425","12"
"5","98","1"
"5","98","2"
"5","98","3"
"5","98","4"
"5","98","5"
"5","98","6"
"5","98","7"
"5","98","8"
"5","98","9"
"5","98","10"
"5","50","1"
"5","10","1"
"5","10","2"
"5","10","3"
"5","10","4"
"5","10","5"
"5","10","6"
"5","10","7"
"5","10","8"
"5","10","9"
"5","10","10"
"5","413","1"
"5","413","2"
"5","197","1"
"5","197","2"
"5","197","3"
"5","197","4"
"5","197","5"
"5","197","6"
"5","197","7"
"5","197","8"
"5","238","9"
"5","238","10"
"5","238","11"
"5","238","12"
"5","86","1"
"5","312","5"
"5","14","1"
"5","14","2"
"5","14","3"
"5","14","4"
"5","14","5"
"5","14","6"
"5","14","7"
"5","14","8"
"5","14","9"
"5","14","10"
"5","224","1"
"5","224","2"
"5","224","3"
"5","224","4"
"5","380","6"
"5","380","7"
"5","380","8"
"5","412","7"
"5","412","8"
"5","412","9"
"5","412","10"
"5","412","11"
"5","412","12"
"5","412","13"
"5","73","1"
"5","73","2"
"5","73","3"
"5","73","4"
"5","73","5"
"5","73","6"
"5","73","7"
"5","73","8"
"5","73","9"
"5","73","10"
"5","154","1"
"5","154","2"
"5","154","3"
"5","154","4"
"5","60","1"
"5","60","2"
"5","60","3"
"5","60","4"
"5","60","5"
"5","60","6"
"5","60","7"
"5","60","8"
"5","123","11"
"5","123","12"
"5","123","13"
"5","142","1"
"5","142","2"
"5","142","3"
"5","142","4"
"5","142","5"
"5","142","6"
"5","142","7"
"5","142","8"
"5","142","9"
"5","207","1"
"5","207","2"
"5","207","3"
"5","207","4"
"5","207","5"
"5","207","6"
"5","207","7"
"5","207","8"
"5","276","4"
"5","276","5"
"5","276","6"
"5","281","1"
"5","281","2"
"5","281","3"
"5","281","4"
"5","281","5"
"5","281","6"
"5","281","7"
"5","281","8"
"5","436","1"
"5","436","2"
"5","436","3"
"5","436","4"
"5","436","5"
"5","436","6"
"5","436","7"
"5","436","8"
"5","436","9"
"5","79","1"
"5","79","2"
"5","79","3"
"5","79","4"
"5","79","5"
"5","79","6"
"5","79","7"
"5","79","8"
"5","79","9"
"5","79","10"
"5","87","1"
"5","87","2"
"5","87","3"
"5","244","1"
"5","135","1"
"5","135","2"
"5","135","3"
"5","84","11"
"5","84","12"
"5","84","13"
"5","84","14"
"5","84","15"
"5","84","16"
"5","84","17"
"5","84","18"
"5","84","19"
"5","375","1"
"5","375","2"
"5","375","3"
"5","375","4"
"5","375","5"
"5","225","1"
"5","225","2"
"5","225","3"
"5","225","4"
"5","225","5"
"5","64","1"
"5","64","2"
"5","64","3"
"5","64","4"
"5","64","5"
"5","64","6"
"5","64","7"
"5","64","8"
"5","64","9"
"5","64","10"
"5","222","9"
"5","222","10"
"5","204","1"
"5","204","2"
"5","204","3"
"5","204","4"
"5","204","5"
"5","204","6"
"5","204","7"
"5","204","8"
"5","323","1"
"5","323","2"
"5","323","3"
"5","323","4"
"5","323","5"
"5","323","6"
"5","193","1"
"5","193","2"
"5","193","3"
"5","193","4"
"5","193","5"
"5","193","6"
"5","193","7"
"5","347","1"
"5","347","2"
"5","347","3"
"5","347","4"
"5","347","5"
"5","347","6"
"5","347","7"
"5","347","8"
"5","347","9"
"5","35","4"
"5","35","5"
"5","35","6"
"5","35","7"
"18","26","5"
"18","26","6"
"18","232","1"
"18","232","2"
"18","232","3"
"18","232","4"
"18","232","5"
"18","232","6"
"18","232","7"
"18","232","8"
"18","232","9"
"18","348","8"
"18","348","9"
"18","348","10"
"18","348","11"
"18","348","12"
"18","348","13"
"18","348","14"
"18","348","15"
"18","348","16"
"18","348","17"
"18","199","1"
"18","199","2"
"18","199","3"
"18","199","4"
"18","199","5"
"18","199","6"
"18","199","7"
"18","199","8"
"18","200","1"
"18","200","2"
"18","200","3"
"18","200","4"
"18","200","5"
"18","200","6"
"18","200","7"
"18","200","8"
"18","425","13"
"18","425","14"
"18","425","15"
"18","425","16"
"18","425","17"
"18","425","18"
"18","425","19"
"18","425","20"
"18","130","1"
"18","130","2"
"18","130","3"
"18","130","4"
"18","130","5"
"18","130","6"
"18","130","7"
"18","130","8"
"18","130","9"
"18","47","1"
"18","47","2"
"18","47","3"
"18","47","4"
"18","174","1"
"18","174","2"
"18","174","3"
"18","174","4"
"18","174","5"
"18","174","6"
"18","174","7"
"18","174","8"
"18","366","6"
"18","366","7"
"18","366","8"
"18","366","9"
"18","366","10"
"18","366","11"
"18","210","1"
"18","210","2"
"18","210","3"
"18","210","4"
"18","210","5"
"18","210","6"
"18","210","7"
"18","210","8"
"18","95","1"
"18","95","2"
"18","95","3"
"18","95","4"
"18","29","8"
"18","473","1"
"18","473","2"
"18","473","3"
"18","473","4"
"18","473","5"
"18","473","6"
"18","473","7"
"18","473","8"
"18","473","9"
"18","473","10"
"18","189","1"
"18","189","2"
"18","189","3"
"18","189","4"
"18","189","5"
"18","189","6"
"18","189","7"
"18","189","8"
"18","189","9"
"18","189","10"
"18","118","1"
"18","118","2"
"18","118","3"
"18","118","4"
"18","435","9"
"18","435","10"
"18","435","11"
"18","435","12"
"18","435","13"
"18","435","14"
"18","435","15"
"18","435","16"
"18","435","17"
"18","435","18"
"18","169","1"
"18","169","2"
"18","169","3"
"18","169","4"
"18","169","5"
"18","169","6"
"18","169","7"
"18","128","1"
"18","128","2"
"18","128","3"
"18","128","4"
"18","128","5"
"18","128","6"
"18","128","7"
"18","128","8"
"18","128","9"
"18","128","10"
"18","354","1"
"18","354","2"
"18","354","3"
"18","354","4"
"18","354","5"
"18","354","6"
"18","201","1"
"18","201","2"
"18","201","3"
"18","201","4"
"18","201","5"
"18","149","1"
"18","149","2"
"18","149","3"
"18","149","4"
"18","149","5"
"18","149","6"
"18","149","7"
"18","149","8"
"18","149","9"
"18","254","1"
"18","254","2"
"18","254","3"
"18","75","1"
"18","75","2"
"18","75","3"
"18","75","4"
"18","75","5"
"18","75","6"
"18","75","7"
"18","75","8"
"18","96","6"
"18","96","7"
"18","96","8"
"18","96","9"
"18","133","1"
"18","133","2"
"18","133","3"
"18","133","4"
"18","349","1"
"18","349","2"
"18","349","3"
"18","349","4"
"18","349","5"
"18","349","6"
"18","349","7"
"18","161","1"
"18","161","2"
"18","161","3"
"18","161","4"
"18","477","1"
"18","477","2"
"18","477","3"
"18","477","4"
"18","413","3"
"18","413","4"
"18","413","5"
"18","413","6"
"18","413","7"
"18","57","1"
"18","57","2"
"18","57","3"
"18","57","4"
"18","57","5"
"18","340","1"
"18","340","2"
"18","340","3"
"18","340","4"
"18","340","5"
"18","340","6"
"18","340","7"
"18","340","8"
"18","31","1"
"18","31","2"
"18","31","3"
"18","31","4"
"18","31","5"
"18","31","6"
"18","31","7"
"18","31","8"
"18","154","5"
"18","154","6"
"18","335","1"
"18","335","2"
"18","335","3"
"18","335","4"
"18","335","5"
"18","335","6"
"18","335","7"
"18","335","8"
"18","335","9"
"18","335","10"
"18","25","1"
"18","25","2"
"18","25","3"
"18","25","4"
"18","25","5"
"18","25","6"
"18","25","7"
"18","25","8"
"18","25","9"
"18","25","10"
"18","145","1"
"18","145","2"
"18","145","3"
"18","145","4"
"18","145","5"
"18","145","6"
"18","145","7"
"18","272","4"
"18","60","9"
"18","60","10"
"18","304","1"
"18","304","2"
"18","304","3"
"18","9","1"
"18","9","2"
"18","9","3"
"18","9","4"
"18","9","5"
"18","9","6"
"18","121","4"
"18","121","5"
"18","121","6"
"18","121","7"
"18","121","8"
"18","347","10"
"18","347","11"
"18","347","12"
"18","485","1"
"18","485","2"
"18","485","3"
"18","485","4"
"18","268","1"
"18","268","2"
"18","248","1"
"18","248","2"
"18","248","3"
"18","248","4"
"18","248","5"
"18","158","1"
"18","158","2"
"18","158","3"
"18","158","4"
"18","158","5"
"18","158","6"
"18","158","7"
"18","158","8"
"18","204","9"
"18","489","1"
"18","489","2"
"18","489","3"
"18","489","4"
"18","489","5"
"18","489","6"
"18","489","7"
"18","489","8"
"18","489","9"
"18","489","10"
"18","134","1"
"18","134","2"
"18","134","3"
"18","134","4"
"18","260","1"
"18","260","2"
"18","260","3"
"18","316","1"
"18","316","2"
"18","316","3"
"18","316","4"
"18","316","5"
"18","316","6"
"18","316","7"
"18","316","8"
"18","147","1"
"18","147","2"
"18","147","3"
"18","147","4"
"18","147","5"
"18","225","6"
"18","225","7"
"18","225","8"
"18","225","9"
"18","225","10"
"18","225","11"
"18","225","12"
"18","225","13"
"18","308","8"
"18","16","1"
"18","16","2"
"18","16","3"
"18","229","8"
"18","229","9"
"18","229","10"
"18","229","11"
"18","229","12"
"18","229","13"
"18","229","14"
"18","229","15"
"18","229","16"
"18","257","1"
"18","257","2"
"18","257","3"
"18","257","4"
"18","257","5"
"18","257","6"
"18","257","7"
"18","257","8"
"18","257","9"
"18","494","1"
"18","494","2"
"18","494","3"
"18","494","4"
"18","494","5"
"18","494","6"
"18","494","7"
"18","315","1"
"18","315","2"
"18","315","3"
"18","315","4"
"18","315","5"
"18","315","6"
"18","315","7"
"18","315","8"
"18","315","9"
"18","315","10"
"18","239","1"
"18","239","2"
"18","239","3"
"18","239","4"
"18","265","1"
"18","265","2"
"18","265","3"
"1","343","11"
"1","343","12"
"1","343","13"
"1","343","14"
"1","343","15"
"1","343","16"
"1","343","17"
"1","343","18"
"1","343","19"
"1","403","1"
"1","403","2"
"1","403","3"
"1","403","4"
"1","403","5"
"1","403","6"
"1","403","7"
"1","403","8"
"1","403","9"
"1","403","10"
"1","408","1"
"1","408","2"
"1","408","3"
"1","408","4"
"1","408","5"
"1","116","1"
"1","116","2"
"1","116","3"
"1","116","4"
"1","116","5"
"1","116","6"
"1","116","7"
"1","116","8"
"1","227","1"
"1","227","2"
"1","200","9"
"1","200","10"
"1","200","11"
"1","200","12"
"1","200","13"
"1","200","14"
"1","200","15"
"1","200","16"
"1","200","17"
"1","224","5"
"1","224","6"
"1","224","7"
"1","224","8"
"1","224","9"
"1","171","7"
"1","171","8"
"1","171","9"
"1","433","1"
"1","433","2"
"1","433","3"
"1","433","4"
"1","433","5"
"1","433","6"
"1","433","7"
"1","433","8"
"1","250","1"
"1","250","2"
"1","250","3"
"1","250","4"
"1","250","5"
"1","250","6"
"1","292","1"
"1","292","2"
"1","292","3"
"1","292","4"
"1","292","5"
"1","292","6"
"1","322","2"
"1","322","3"
"1","322","4"
"1","322","5"
"1","356","1"
"1","356","2"
"1","356","3"
"1","356","4"
"1","284","1"
"1","284","2"
"1","135","4"
"1","135","5"
"1","135","6"
"1","135","7"
"1","135","8"
"1","135","9"
"1","135","10"
"1","135","11"
"1","135","12"
"1","135","13"
"1","191","1"
"1","191","2"
"1","191","3"
"1","191","4"
"1","191","5"
"1","191","6"
"1","191","7"
"1","191","8"
"1","324","1"
"1","324","2"
"1","324","3"
"1","324","4"
"1","115","4"
"1","115","5"
"1","485","5"
"1","485","6"
"1","485","7"
"1","485","8"
"1","485","9"
"1","485","10"
"1","485","11"
"1","485","12"
"1","485","13"
"1","485","14"
"1","186","1"
"1","316","9"
"1","316","10"
"1","316","11"
"1","316","12"
"1","316","13"
"1","316","14"
"1","316","15"
"1","316","16"
"1","316","17"
"1","386","4"
"1","117","16"
"1","117","17"
"1","117","18"
"1","117","19"
"1","117","20"
"1","117","21"
"1","117","22"
"1","138","1"
"1","138","2"
"1","138","3"
"1","138","4"
"1","138","5"
"1","138","6"
"1","138","7"
"1","256","1"
"1","256","2"
"1","256","3"
"1","256","4"
"1","256","5"
"1","256","6"
"1","256","7"
"1","111","3"
"1","111","4"
"1","111","5"
"1","111","6"
"1","290","1"
"1","290","2"
"1","290","3"
"1","290","4"
"1","290","5"
"1","290","6"
"1","290","7"
"1","290","8"
"1","312","6"
"1","312","7"
"1","312","8"
"1","312","9"
"1","312","10"
"1","312","11"
"1","312","12"
"1","312","13"
"1","418","1"
"1","418","2"
"1","418","3"
"1","418","4"
"1","418","5"
"1","418","6"
"1","212","1"
"1","79","11"
"1","79","12"
"1","172","7"
"1","110","1"
"1","110","2"
"1","110","3"
"1","265","4"
"1","265","5"
"1","265","6"
"1","373","1"
"1","373","2"
"1","373","3"
"1","373","4"
"1","373","5"
"1","373","6"
"1","373","7"
"1","320","1"
"1","320","2"
"1","320","3"
"1","412","14"
"1","412","15"
"1","412","16"
"1","412","17"
"1","412","18"
"1","412","19"
"1","452","1"
"1","52","13"
"1","52","14"
"1","52","15"
"1","52","16"
"1","52","17"
"1","52","18"
"1","52","19"
"1","293","1"
"1","173","1"
"1","173","2"
"1","173","3"
"1","173","4"
"1","173","5"
"1","49","1"
"1","203","1"
"1","203","2"
"1","203","3"
"1","330","1"
"1","330","2"
"1","330","3"
"1","330","4"
"1","330","5"
"1","330","6"
"1","330","7"
"1","328","10"
"1","328","11"
"1","328","12"
"1","328","13"
"1","328","14"
"1","328","15"
"1","363","1"
"1","363","2"
"1","363","3"
"1","363","4"
"1","363","5"
"1","363","6"
"1","363","7"
"1","363","8"
"1","363","9"
"1","363","10"
"1","234","1"
"1","234","2"
"1","234","3"
"1","271","1"
"1","271","2"
"1","225","14"
"1","225","15"
"1","225","16"
"1","225","17"
"1","225","18"
"1","225","19"
"1","225","20"
"1","225","21"
"1","225","22"
"1","225","23"
"1","398","1"
"1","398","2"
"1","398","3"
"1","211","1"
"1","211","2"
"1","211","3"
"1","211","4"
"1","136","1"
"1","136","2"
"1","136","3"
"1","136","4"
"1","136","5"
"1","136","6"
"1","136","7"
"1","136","8"
"1","136","9"
"1","206","1"
"1","206","2"
"1","206","3"
"1","206","4"
"1","206","5"
"1","447","1"
"1","447","2"
"1","447","3"
"1","447","4"
"1","447","5"
"1","447","6"
"1","447","7"
"1","247","1"
"1","247","2"
"1","404","1"
"1","182","1"
"1","182","2"
"1","182","3"
"1","182","4"
"1","182","5"
"1","182","6"
"1","182","7"
"1","182","8"
"1","182","9"
"1","223","4"
"1","223","5"
"1","289","1"
"1","289","2"
"1","289","3"
"1","454","3"
"1","454","4"
"1","454","5"
"1","454","6"
"1","454","7"
"1","273","1"
"1","273","2"
"1","50","2"
"1","50","3"
"1","50","4"
"1","50","5"
"1","50","6"
"1","50","7"
"1","279","1"
"1","279","2"
"1","279","3"
"1","279","4"
"1","279","5"
"1","279","6"
"1","34","1"
"1","34","2"
"1","34","3"
"1","77","1"
"1","77","2"
"1","77","3"
"1","77","4"
"1","77","5"
"1","77","6"
"1","388","1"
"1","388","2"
"1","388","3"
"1","388","4"
"1","388","5"
"1","259","1"
"1","259","2"
"1","259","3"
"1","259","4"
"1","259","5"
"1","259","6"
"1","259","7"
"1","259","8"
"1","259","9"
"1","488","9"
"1","488","10"
"1","488","11"
"1","488","12"
"1","488","13"
"1","488","14"
"1","488","15"
"1","8","1"
"1","8","2"
"1","8","3"
"1","8","4"
"1","8","5"
"1","8","6"
"1","8","7"
"1","8","8"
"1","8","9"
"1","239","5"
"1","239","6"
"1","239","7"
"1","239","8"
"1","239","9"
"1","239","10"
"1","239","11"
"1","239","12"
"1","239","13"
"1","239","14"
"1","371","7"
"1","37","16"
"1","37","17"
"1","37","18"
"1","37","19"
"1","37","20"
"1","37","21"
"1","37","22"
"1","37","23"
"1","37","24"
"1","285","1"
"1","285","2"
"1","75","9"
"1","75","10"
"1","75","11"
"1","75","12"
"1","75","13"
"1","75","14"
"1","75","15"
"1","438","1"
"1","438","2"
"1","438","3"
"1","438","4"
"1","438","5"
"1","438","6"
"1","438","7"
"1","438","8"
"1","354","7"
"1","354","8"
"1","354","9"
"1","354","10"
"1","354","11"
"1","354","12"
"1","354","13"
"1","471","1"
"1","471","2"
"1","471","3"
"1","219","1"
"1","219","2"
"1","219","3"
"1","393","1"
"1","393","2"
"1","393","3"
"1","393","4"
"1","393","5"
"1","393","6"
"1","393","7"
"1","393","8"
"1","393","9"
"1","378","4"
"1","378","5"
"1","378","6"
"1","378","7"
"1","378","8"
"1","378","9"
"1","378","10"
"1","378","11"
"1","378","12"
"1","378","13"
"1","6","1"
"1","6","2"
"1","6","3"
"1","6","4"
"1","6","5"
"1","6","6"
"1","6","7"
"1","137","1"
"1","443","1"
"1","443","2"
"1","443","3"
"1","443","4"
"1","443","5"
"1","443","6"
"1","443","7"
"1","443","8"
"1","84","20"
"1","84","21"
"1","84","22"
"1","84","23"
"1","84","24"
"1","84","25"
"1","84","26"
"1","496","1"
"1","496","2"
"1","496","3"
"1","496","4"
"1","496","5"
"1","496","6"
"1","295","1"
"1","295","2"
"1","295","3"
"1","295","4"
"1","295","5"
"1","295","6"
"1","295","7"
"1","295","8"
"1","295","9"
"1","295","10"
"1","38","1"
"1","38","2"
"1","38","3"
"1","38","4"
"1","38","5"
"1","38","6"
"1","38","7"
"1","38","8"
"1","38","9"
"1","38","10"
"17","108","1"
"17","108","2"
"17","108","3"
"17","369","1"
"17","369","2"
"17","369","3"
"17","369","4"
"17","427","1"
"17","427","2"
"17","427","3"
"17","427","4"
"17","427","5"
"17","427","6"
"17","427","7"
"17","427","8"
"17","427","9"
"17","277","1"
"17","277","2"
"17","277","3"
"17","277","4"
"17","277","5"
"17","277","6"
"17","277","7"
"17","277","8"
"17","277","9"
"17","485","15"
"17","485","16"
"17","485","17"
"17","485","18"
"17","318","1"
"17","318","2"
"17","318","3"
"17","318","4"
"17","318","5"
"17","314","1"
"17","246","9"
"17","246","10"
"17","246","11"
"17","246","12"
"17","246","13"
"17","246","14"
"17","162","1"
"17","162","2"
"17","162","3"
"17","162","4"
"17","162","5"
"17","162","6"
"17","162","7"
"17","363","11"
"17","363","12"
"17","363","13"
"17","363","14"
"17","363","15"
"17","363","16"
"17","363","17"
"17","363","18"
"17","363","19"
"17","363","20"
"17","466","1"
"17","466","2"
"17","466","3"
"17","466","4"
"17","466","5"
"17","466","6"
"17","185","5"
"17","185","6"
"17","185","7"
"17","185","8"
"17","79","13"
"17","79","14"
"17","79","15"
"17","291","1"
"17","291","2"
"17","291","3"
"17","291","4"
"17","291","5"
"17","291","6"
"17","61","1"
"17","61","2"
"17","61","3"
"17","61","4"
"17","61","5"
"17","61","6"
"17","61","7"
"17","61","8"
"17","75","16"
"17","75","17"
"17","75","18"
"17","75","19"
"17","75","20"
"17","75","21"
"17","75","22"
"17","75","23"
"17","271","3"
"17","271","4"
"17","271","5"
"17","271","6"
"17","271","7"
"17","271","8"
"17","271","9"
"17","271","10"
"17","271","11"
"17","271","12"
"17","25","11"
"17","25","12"
"17","25","13"
"17","25","14"
"17","25","15"
"17","25","16"
"17","355","1"
"17","355","2"
"17","355","3"
"17","355","4"
"17","355","5"
"17","355","6"
"17","355","7"
"17","355","8"
"17","355","9"
"17","76","1"
"17","280","1"
"17","280","2"
"17","280","3"
"17","280","4"
"17","280","5"
"17","182","10"
"17","182","11"
"17","182","12"
"17","182","13"
"17","182","14"
"17","182","15"
"17","182","16"
"17","182","17"
"17","182","18"
"17","312","14"
"17","312","15"
"17","312","16"
"17","312","17"
"17","312","18"
"17","312","19"
"17","312","20"
"17","281","9"
"8","432","1"
"8","432","2"
"8","432","3"
"8","432","4"
"8","106","1"
"8","106","2"
"8","106","3"
"8","106","4"
"8","106","5"
"8","106","6"
"8","106","7"
"8","106","8"
"8","106","9"
"8","19","1"
"8","19","2"
"8","19","3"
"8","19","4"
"8","19","5"
"8","19","6"
"8","29","9"
"8","29","10"
"8","29","11"
"8","157","6"
"8","157","7"
"8","157","8"
"8","157","9"
"8","198","1"
"8","109","1"
"8","109","2"
"8","109","3"
"8","109","4"
"8","109","5"
"8","109","6"
"8","324","5"
"8","324","6"
"8","324","7"
"8","324","8"
"8","324","9"
"8","324","10"
"8","324","11"
"8","324","12"
"8","324","13"
"8","448","17"
"8","448","18"
"8","448","19"
"8","448","20"
"8","72","1"
"8","72","2"
"8","72","3"
"8","72","4"
"8","72","5"
"8","5","1"
"8","5","2"
"8","5","3"
"8","5","4"
"8","5","5"
"8","34","4"
"8","34","5"
"8","34","6"
"8","34","7"
"8","34","8"
"8","34","9"
"8","34","10"
"8","34","11"
"8","232","10"
"8","232","11"
"8","232","12"
"8","278","1"
"8","278","2"
"8","129","1"
"8","129","2"
"8","129","3"
"8","215","1"
"8","215","2"
"8","215","3"
"8","215","4"
"8","95","5"
"8","95","6"
"8","95","7"
"8","95","8"
"8","319","8"
"8","319","9"
"8","319","10"
"8","319","11"
"8","319","12"
"12","31","9"
"12","31","10"
"12","31","11"
"12","31","12"
"12","31","13"
"12","31","14"
"12","31","15"
"12","31","16"
"12","31","17"
"12","31","18"
"12","58","1"
"12","58","2"
"12","58","3"
"12","222","11"
"12","222","12"
"12","222","13"
"12","222","14"
"12","222","15"
"12","222","16"
"12","222","17"
"12","222","18"
"12","222","19"
"12","104","1"
"12","104","2"
"12","104","3"
"12","104","4"
"12","104","5"
"12","104","6"
"12","104","7"
"12","362","6"
"12","362","7"
"12","362","8"
"12","362","9"
"12","362","10"
"12","362","11"
"12","42","8"
"12","42","9"
"12","42","10"
"12","42","11"
"12","226","1"
"12","226","2"
"12","226","3"
"12","226","4"
"12","226","5"
"12","226","6"
"12","226","7"
"12","226","8"
"12","226","9"
"12","226","10"
"12","416","1"
"12","416","2"
"12","416","3"
"12","416","4"
"12","416","5"
"12","416","6"
"12","453","1"
"12","453","2"
"12","453","3"
"12","453","4"
"12","453","5"
"12","453","6"
"12","134","5"
"12","134","6"
"12","134","7"
"12","134","8"
"12","134","9"
"12","134","10"
"12","134","11"
"12","134","12"
"12","161","5"
"12","161","6"
"12","161","7"
"12","161","8"
"12","161","9"
"12","161","10"
"12","161","11"
"12","74","1"
"12","74","2"
"12","74","3"
"12","74","4"
"12","74","5"
"12","74","6"
"12","74","7"
"12","435","19"
"12","435","20"
"12","435","21"
"12","435","22"
"12","435","23"
"12","435","24"
"12","435","25"
"12","435","26"
"12","435","27"
"12","435","28"
"12","153","3"
"12","153","4"
"12","153","5"
"12","153","6"
"12","153","7"
"12","153","8"
"12","153","9"
"12","153","10"
"12","71","1"
"12","71","2"
"12","71","3"
"12","356","5"
"12","356","6"
"12","356","7"
"12","356","8"
"12","119","1"
"12","119","2"
"12","406","1"
"12","406","2"
"12","406","3"
"12","406","4"
"12","406","5"
"12","213","1"
"12","213","2"
"12","213","3"
"12","213","4"
"12","213","5"
"12","213","6"
"12","213","7"
"12","213","8"
"12","213","9"
"12","213","10"
"12","36","8"
"12","36","9"
"12","36","10"
"12","36","11"
"12","36","12"
"12","36","13"
"12","36","14"
"12","14","11"
"12","14","12"
"12","14","13"
"12","14","14"
"12","14","15"
"12","14","16"
"12","14","17"
"12","14","18"
"12","21","1"
"12","21","2"
"12","21","3"
"12","215","5"
"12","215","6"
"12","215","7"
"12","215","8"
"12","215","9"
"12","215","10"
"12","215","11"
"12","215","12"
"12","386","5"
"12","386","6"
"12","386","7"
"12","386","8"
"12","386","9"
"12","471","4"
"12","471","5"
"12","471","6"
"12","471","7"
"12","471","8"
"12","122","1"
"12","122","2"
"12","122","3"
"12","122","4"
"12","122","5"
"12","375","6"
"12","375","7"
"12","375","8"
"12","375","9"
"12","375","10"
"12","375","11"
"12","375","12"
"12","375","13"
"12","375","14"
"12","375","15"
"12","186","2"
"12","186","3"
"12","186","4"
"12","186","5"
"12","186","6"
"12","186","7"
"12","186","8"
"12","186","9"
"12","485","19"
"12","485","20"
"12","485","21"
"12","485","22"
"12","485","23"
"12","485","24"
"12","196","1"
"12","196","2"
"12","196","3"
"12","206","6"
"12","206","7"
"12","206","8"
"12","206","9"
"12","206","10"
"12","206","11"
"12","206","12"
"12","346","1"
"12","346","2"
"12","346","3"
"12","111","7"
"12","111","8"
"12","111","9"
"12","111","10"
"12","111","11"
"12","111","12"
"12","111","13"
"12","111","14"
"12","111","15"
"12","111","16"
"12","195","1"
"12","195","2"
"12","195","3"
"12","195","4"
"12","195","5"
"12","195","6"
"12","195","7"
"12","195","8"
"12","316","18"
"12","158","9"
"12","158","10"
"12","158","11"
"12","158","12"
"12","137","2"
"12","137","3"
"12","137","4"
"12","137","5"
"12","137","6"
"12","137","7"
"12","137","8"
"12","137","9"
"12","96","10"
"12","105","3"
"12","105","4"
"12","105","5"
"12","105","6"
"12","145","8"
"12","145","9"
"12","145","10"
"12","145","11"
"12","145","12"
"12","40","1"
"12","40","2"
"12","306","6"
"12","306","7"
"12","306","8"
"12","306","9"
"12","306","10"
"12","306","11"
"12","306","12"
"12","401","1"
"12","401","2"
"12","401","3"
"12","401","4"
"12","401","5"
"12","401","6"
"12","207","9"
"12","207","10"
"3","156","1"
"3","156","2"
"3","156","3"
"3","156","4"
"3","156","5"
"3","156","6"
"3","156","7"
"3","156","8"
"3","278","3"
"3","278","4"
"3","63","1"
"3","63","2"
"3","63","3"
"3","63","4"
"3","63","5"
"3","63","6"
"3","409","5"
"3","409","6"
"3","409","7"
"3","409","8"
"3","409","9"
"3","409","10"
"3","409","11"
"3","327","1"
"3","327","2"
"3","327","3"
"3","327","4"
"3","327","5"
"3","327","6"
"3","444","1"
"3","444","2"
"3","444","3"
"3","444","4"
"3","444","5"
"3","444","6"
"3","401","7"
"3","340","9"
"3","340","10"
"3","247","3"
"3","247","4"
"3","247","5"
"3","247","6"
"3","247","7"
"3","247","8"
"3","247","9"
"3","247","10"
"4","318","6"
"4","318","7"
"4","209","1"
"4","209","2"
"4","209","3"
"4","209","4"
"4","209","5"
"4","209","6"
"4","209","7"
"4","209","8"
"4","209","9"
"4","209","10"
"4","276","7"
"4","276","8"
"4","276","9"
"4","276","10"
"4","276","11"
"4","276","12"
"4","276","13"
"4","276","14"
"4","464","7"
"4","464","8"
"4","464","9"
"4","464","10"
"4","464","11"
"4","464","12"
"4","464","13"
"4","464","14"
"4","464","15"
"4","464","16"
"4","365","7"
"4","365","8"
"4","365","9"
"4","255","1"
"4","255","2"
"4","255","3"
"4","255","4"
"4","255","5"
"4","255","6"
"4","255","7"
"4","63","7"
"4","63","8"
"4","63","9"
"4","63","10"
"4","63","11"
"4","63","12"
"4","63","13"
"4","63","14"
"4","63","15"
"4","63","16"
"4","195","9"
"4","195","10"
"4","409","12"
"4","409","13"
"4","409","14"
"4","409","15"
"4","409","16"
"4","409","17"
"4","409","18"
"4","110","4"
"4","110","5"
"4","110","6"
"4","110","7"
"4","110","8"
"4","110","9"
"4","110","10"
"4","110","11"
"4","110","12"
"4","210","9"
"4","32","1"
"4","32","2"
"4","32","3"
"4","32","4"
"4","32","5"
"4","32","6"
"4","32","7"
"4","275","9"
"4","275","10"
"4","275","11"
"4","482","10"
"4","482","11"
"4","482","12"
"4","482","13"
"4","482","14"
"4","482","15"
"4","482","16"
"4","482","17"
"4","171","10"
"4","171","11"
"4","171","12"
"4","171","13"
"4","171","14"
"4","171","15"
"4","171","16"
"4","171","17"
"4","171","18"
"4","171","19"
"4","172","8"
"4","172","9"
"4","298","1"
"4","298","2"
"4","298","3"
"4","298","4"
"4","298","5"
"4","298","6"
"4","298","7"
"4","298","8"
"4","298","9"
"4","67","5"
"4","67","6"
"4","489","11"
"4","489","12"
"4","489","13"
"4","489","14"
"4","489","15"
"4","489","16"
"4","342","10"
"4","342","11"
"4","342","12"
"4","342","13"
"4","342","14"
"4","342","15"
"4","342","16"
"4","342","17"
"4","342","18"
"4","342","19"
"4","84","27"
"4","84","28"
"4","84","29"
"4","84","30"
"4","84","31"
"4","84","32"
"4","84","33"
"4","271","13"
"4","271","14"
"4","271","15"
"4","271","16"
"4","271","17"
"4","271","18"
"4","271","19"
"4","271","20"
"4","86","2"
"4","86","3"
"4","86","4"
"4","449","1"
"4","449","2"
"4","449","3"
"4","449","4"
"4","449","5"
"4","207","11"
"4","207","12"
"4","207","13"
"4","207","14"
"4","207","15"
"4","207","16"
"4","207","17"
"4","207","18"
"4","207","19"
"4","217","1"
"4","217","2"
"4","217","3"
"4","61","9"
"4","61","10"
"4","61","11"
"4","46","1"
"4","46","2"
"4","46","3"
"4","42","12"
"4","48","1"
"4","48","2"
"4","48","3"
"4","48","4"
"4","48","5"
"4","48","6"
"4","48","7"
"4","48","8"
"4","48","9"
"4","48","10"
"4","335","11"
"4","335","12"
"4","335","13"
"4","335","14"
"4","335","15"
"4","335","16"
"4","335","17"
"4","335","18"
"4","472","1"
"4","472","2"
"4","472","3"
"4","472","4"
"4","316","19"
"4","243","1"
"4","243","2"
"4","243","3"
"4","243","4"
"4","243","5"
"4","243","6"
"4","243","7"
"4","243","8"
"4","243","9"
"4","243","10"
"4","419","1"
"4","263","4"
"4","263","5"
"4","263","6"
"4","263","7"
"4","263","8"
"4","263","9"
"4","263","10"
"4","6","8"
"4","6","9"
"4","33","1"
"4","33","2"
"4","33","3"
"4","33","4"
"4","33","5"
"4","413","8"
"4","413","9"
"4","310","1"
"4","310","2"
"4","310","3"
"4","310","4"
"4","310","5"
"4","411","1"
"4","411","2"
"4","411","3"
"4","411","4"
"4","411","5"
"4","411","6"
"4","411","7"
"4","411","8"
"4","411","9"
"4","411","10"
"4","390","1"
"4","390","2"
"4","390","3"
"4","390","4"
"4","390","5"
"4","390","6"
"4","390","7"
"4","390","8"
"4","38","11"
"4","38","12"
"4","38","13"
"4","74","8"
"4","143","8"
"4","143","9"
"4","143","10"
"4","143","11"
"4","143","12"
"4","143","13"
"4","143","14"
"4","354","14"
"4","354","15"
"4","354","16"
"4","354","17"
"4","354","18"
"4","354","19"
"4","354","20"
"4","354","21"
"6","169","8"
"6","169","9"
"6","169","10"
"6","169","11"
"6","456","1"
"6","456","2"
"6","456","3"
"6","203","4"
"6","203","5"
"6","203","6"
"6","203","7"
"6","203","8"
"6","203","9"
"6","467","1"
"6","295","11"
"6","295","12"
"6","295","13"
"6","295","14"
"6","295","15"
"6","295","16"
"16","137","10"
"16","137","11"
"16","137","12"
"16","137","13"
"16","137","14"
"16","137","15"
"16","252","1"
"16","252","2"
"16","252","3"
"16","292","7"
"16","292","8"
"16","292","9"
"16","292","10"
"16","292","11"
"16","45","1"
"16","45","2"
"16","45","3"
"16","45","4"
"16","432","5"
"16","11","1"
"16","84","34"
"16","84","35"
"16","84","36"
"16","84","37"
"16","84","38"
"16","84","39"
"16","84","40"
"16","159","1"
"16","159","2"
"16","159","3"
"16","159","4"
"16","159","5"
"16","159","6"
"16","159","7"
"16","159","8"
"16","159","9"
"16","159","10"
"16","458","1"
"16","458","2"
"16","458","3"
"16","67","7"
"16","67","8"
"16","67","9"
"16","67","10"
"16","67","11"
"16","67","12"
"16","67","13"
"16","67","14"
"16","320","4"
"16","320","5"
"16","320","6"
"16","320","7"
"16","320","8"
"16","320","9"
"16","320","10"
"16","380","9"
"16","380","10"
"16","380","11"
"16","380","12"
"16","380","13"
"16","380","14"
"16","380","15"
"16","275","12"
"16","275","13"
"16","275","14"
"16","275","15"
"16","275","16"
"16","275","17"
"16","275","18"
"16","275","19"
"16","20","1"
"16","20","2"
"16","20","3"
"16","20","4"
"16","105","7"
"16","105","8"
"16","105","9"
"16","157","10"
"16","262","1"
"16","262","2"
"16","262","3"
"16","262","4"
"16","262","5"
"16","262","6"
"16","349","8"
"16","349","9"
"16","349","10"
"16","349","11"
"16","349","12"
"16","349","13"
"16","349","14"
"16","168","1"
"16","168","2"
"16","168","3"
"16","168","4"
"16","272","5"
"16","272","6"
"16","272","7"
"16","165","1"
"16","165","2"
"16","165","3"
"16","165","4"
"16","165","5"
"16","165","6"
"16","165","7"
"16","316","20"
"16","316","21"
"16","316","22"
"16","316","23"
"16","316","24"
"16","316","25"
"16","316","26"
"16","316","27"
"16","338","1"
"16","338","2"
"16","281","10"
"16","281","11"
"16","281","12"
"16","281","13"
"16","70","1"
"16","70","2"
"16","70","3"
"16","70","4"
"16","70","5"
"16","70","6"
"16","70","7"
"16","70","8"
"16","70","9"
"16","70","10"
"16","211","5"
"16","211","6"
"16","211","7"
"16","211","8"
"16","102","7"
"16","102","8"
"16","102","9"
"16","102","10"
"16","102","11"
"16","102","12"
"16","153","11"
"16","153","12"
"16","153","13"
"16","153","14"
"16","153","15"
"16","26","7"
"16","26","8"
"16","193","8"
"16","193","9"
"16","193","10"
"16","193","11"
"16","193","12"
"16","193","13"
"16","193","14"
"16","193","15"
"16","193","16"
"16","353","1"
"16","353","2"
"16","353","3"
"16","353","4"
"16","209","11"
"16","4","1"
"16","4","2"
"16","4","3"
"16","4","4"
"16","4","5"
"16","4","6"
"16","4","7"
"16","273","3"
"16","273","4"
"16","273","5"
"16","273","6"
"16","273","7"
"16","273","8"
"16","359","3"
"16","359","4"
"16","359","5"
"16","359","6"
"16","359","7"
"16","172","10"
"16","172","11"
"16","172","12"
"16","172","13"
"16","172","14"
"16","172","15"
"16","172","16"
"16","172","17"
"16","172","18"
"16","34","12"
"16","34","13"
"16","34","14"
"16","375","16"
"16","375","17"
"16","375","18"
"16","375","19"
"16","375","20"
"16","375","21"
"16","375","22"
"16","375","23"
"16","91","1"
"16","91","2"
"16","91","3"
"16","91","4"
"16","91","5"
"16","83","3"
"16","83","4"
"16","83","5"
"16","83","6"
"16","83","7"
"16","83","8"
"16","83","9"
"16","347","13"
"16","347","14"
"16","300","1"
"16","23","4"
"16","23","5"
"16","221","4"
"16","221","5"
"16","221","6"
"16","221","7"
"16","221","8"
"16","177","1"
"16","177","2"
"16","177","3"
"16","177","4"
"16","177","5"
"16","177","6"
"16","36","15"
"16","36","16"
"16","36","17"
"16","36","18"
"16","286","6"
"16","286","7"
"16","286","8"
"16","286","9"
"16","286","10"
"16","286","11"
"16","286","12"
"16","286","13"
"16","286","14"
"16","171","20"
"16","124","1"
"16","124","2"
"16","164","1"
"16","164","2"
"16","164","3"
"16","315","11"
"16","293","2"
"16","293","3"
"16","186","10"
"16","361","1"
"16","361","2"
"16","361","3"
"16","361","4"
"16","361","5"
"16","361","6"
"16","361","7"
"16","340","11"
"16","340","12"
"16","340","13"
"16","340","14"
"16","76","2"
"16","76","3"
"16","76","4"
"16","493","11"
"16","493","12"
"16","493","13"
"16","493","14"
"16","493","15"
"16","493","16"
"16","493","17"
"16","493","18"
"16","490","4"
"16","490","5"
"16","490","6"
"16","490","7"
"16","490","8"
"16","490","9"
"16","490","10"
"16","490","11"
"16","490","12"
"16","30","1"
"16","30","2"
"16","30","3"
"16","30","4"
"16","30","5"
"16","30","6"
"16","30","7"
"16","30","8"
"16","30","9"
"16","30","10"
"16","170","1"
"16","170","2"
"16","170","3"
"16","170","4"
"16","71","4"
"16","71","5"
"16","71","6"
"16","71","7"
"16","71","8"
"16","71","9"
"16","71","10"
"16","71","11"
"16","71","12"
"16","71","13"
"16","161","12"
"16","161","13"
"16","161","14"
"16","161","15"
"16","161","16"
"16","161","17"
"16","161","18"
"16","161","19"
"16","161","20"
"16","173","6"
"16","173","7"
"16","173","8"
"16","173","9"
"16","173","10"
"16","173","11"
"16","173","12"
"16","173","13"
"16","173","14"
"16","204","10"
"20","316","28"
"20","316","29"
"20","316","30"
"20","316","31"
"20","316","32"
"20","316","33"
"20","316","34"
"20","316","35"
"20","7","1"
"20","7","2"
"20","7","3"
"20","7","4"
"20","7","5"
"20","7","6"
"20","7","7"
"20","7","8"
"20","7","9"
"20","434","1"
"20","434","2"
"20","434","3"
"20","434","4"
"20","434","5"
"20","140","1"
"20","140","2"
"20","140","3"
"20","140","4"
"20","140","5"
"20","140","6"
"20","411","11"
"20","411","12"
"20","411","13"
"20","411","14"
"20","411","15"
"20","411","16"
"20","411","17"
"20","297","1"
"20","297","2"
"20","297","3"
"20","284","3"
"20","284","4"
"20","374","1"
"20","374","2"
"20","374","3"
"20","374","4"
"20","374","5"
"20","374","6"
"20","374","7"
"20","374","8"
"20","374","9"
"20","201","6"
"20","201","7"
"20","201","8"
"20","201","9"
"20","201","10"
"20","201","11"
"20","201","12"
"20","201","13"
"20","51","1"
"20","51","2"
"20","51","3"
"20","51","4"
"20","17","1"
"20","17","2"
"20","487","1"
"20","487","2"
"20","487","3"
"20","487","4"
"20","379","1"
"20","379","2"
"20","379","3"
"20","379","4"
"20","379","5"
"20","265","7"
"20","265","8"
"20","265","9"
"20","265","10"
"20","265","11"
"20","265","12"
"20","265","13"
"20","265","14"
"20","265","15"
"20","265","16"
"20","332","1"
"20","332","2"
"20","332","3"
"20","332","4"
"20","408","6"
"20","408","7"
"20","408","8"
"20","408","9"
"20","408","10"
"20","178","1"
"20","178","2"
"20","178","3"
"20","178","4"
"20","178","5"
"20","178","6"
"20","178","7"
"20","92","4"
"20","92","5"
"20","92","6"
"20","92","7"
"20","92","8"
"20","92","9"
"20","92","10"
"20","92","11"
"20","175","18"
"20","175","19"
"20","494","8"
"20","494","9"
"20","494","10"
"20","494","11"
"20","494","12"
"20","494","13"
"20","494","14"
"20","494","15"
"20","494","16"
"20","494","17"
"20","372","1"
"20","372","2"
"20","372","3"
"20","372","4"
"20","372","5"
"20","372","6"
"20","372","7"
"20","372","8"
"20","409","19"
"20","202","1"
"20","202","2"
"20","202","3"
"20","202","4"
"20","202","5"
"20","202","6"
"20","202","7"
"20","202","8"
"20","202","9"
"20","202","10"
"20","190","1"
"20","190","2"
"20","440","15"
"20","440","16"
"20","440","17"
"20","440","18"
"20","440","19"
"20","440","20"
"20","440","21"
"20","157","11"
"20","157","12"
"20","157","13"
"20","157","14"
"20","365","10"
"20","365","11"
"20","365","12"
"20","365","13"
"20","365","14"
"20","365","15"
"20","365","16"
"20","365","17"
"20","365","18"
"20","365","19"
"20","264","1"
"20","264","2"
"20","264","3"
"20","264","4"
"20","264","5"
"20","264","6"
"20","264","7"
"20","337","1"
"20","337","2"
"20","337","3"
"20","337","4"
"20","337","5"
"20","337","6"
"20","337","7"
"20","337","8"
"20","337","9"
"20","337","10"
"20","366","12"
"20","366","13"
"20","366","14"
"20","462","1"
"20","462","2"
"20","462","3"
"20","462","4"
"20","462","5"
"20","462","6"
"20","462","7"
"20","462","8"
"20","363","21"
"20","363","22"
"20","490","13"
"20","490","14"
"20","490","15"
"20","490","16"
"20","490","17"
"20","486","4"
"20","486","5"
"20","486","6"
"20","486","7"
"20","486","8"
"20","341","1"
"20","341","2"
"20","341","3"
"20","341","4"
"20","341","5"
"20","341","6"
"20","341","7"
"20","437","1"
"20","437","2"
"20","437","3"
"20","437","4"
"20","437","5"
"20","437","6"
"20","437","7"
"20","437","8"
"20","437","9"
"20","311","1"
"20","311","2"
"20","311","3"
"20","311","4"
"20","495","1"
"20","495","2"
"20","457","1"
"20","457","2"
"20","457","3"
"20","133","5"
"20","133","6"
"20","133","7"
"20","452","2"
"20","452","3"
"20","452","4"
"20","452","5"
"20","452","6"
"20","452","7"
"20","452","8"
"20","85","1"
"20","85","2"
"20","85","3"
"20","22","11"
"20","22","12"
"20","22","13"
"20","22","14"
"20","22","15"
"20","22","16"
"20","22","17"
"20","343","20"
"20","343","21"
"20","343","22"
"20","343","23"
"20","343","24"
"20","169","12"
"20","169","13"
"20","169","14"
"20","169","15"
"20","169","16"
"20","169","17"
"20","169","18"
"20","200","18"
"20","200","19"
"20","200","20"
"20","200","21"
"20","200","22"
"20","200","23"
"20","200","24"
"20","113","6"
"20","113","7"
"20","113","8"
"20","113","9"
"20","113","10"
"20","113","11"
"20","364","4"
"20","418","7"
"20","418","8"
"20","362","12"
"20","362","13"
"20","362","14"
"20","362","15"
"20","362","16"
"20","362","17"
"20","362","18"
"20","104","8"
"20","104","9"
"20","104","10"
"20","104","11"
"20","104","12"
"20","104","13"
"20","104","14"
"20","104","15"
"20","104","16"
"20","380","16"
"20","380","17"
"20","380","18"
"20","380","19"
"20","380","20"
"20","469","8"
"20","417","1"
"20","417","2"
"20","417","3"
"20","492","2"
"20","492","3"
"20","492","4"
"20","492","5"
"20","492","6"
"20","492","7"
"20","310","6"
"20","310","7"
"20","310","8"
"20","489","17"
"20","489","18"
"20","489","19"
"20","489","20"
"20","489","21"
"20","489","22"
"20","489","23"
"20","489","24"
"20","489","25"
"20","327","7"
"20","327","8"
"20","327","9"
"20","147","6"
"20","147","7"
"20","147","8"
"20","147","9"
"20","147","10"
"20","147","11"
"20","212","2"
"20","279","7"
"20","279","8"
"20","279","9"
"20","279","10"
"20","137","16"
"20","137","17"
"20","4","8"
"20","4","9"
"20","4","10"
"20","98","11"
"20","215","13"
"20","215","14"
"20","215","15"
"20","215","16"
"20","215","17"
"20","12","7"
"20","12","8"
"20","144","1"
"20","144","2"
"20","275","20"
"20","275","21"
"20","275","22"
"20","305","1"
"20","305","2"
"20","305","3"
"20","305","4"
"20","189","11"
"20","189","12"
"20","189","13"
"20","189","14"
"20","189","15"
"20","189","16"
"20","189","17"
"20","13","9"
"20","13","10"
"20","13","11"
"20","13","12"
"20","13","13"
"20","13","14"
"20","13","15"
"20","378","14"
"20","378","15"
"20","378","16"
"20","378","17"
"20","385","1"
"20","385","2"
"20","385","3"
"20","385","4"
"20","385","5"
"20","385","6"
"20","385","7"
"20","385","8"
"20","385","9"
"10","82","1"
"10","82","2"
"10","82","3"
"10","82","4"
"10","82","5"
"10","82","6"
"10","82","7"
"10","82","8"
"10","82","9"
"10","168","5"
"10","168","6"
"10","168","7"
"10","168","8"
"10","168","9"
"10","168","10"
"10","358","1"
"10","358","2"
"10","358","3"
"10","185","9"
"10","185","10"
"10","185","11"
"10","185","12"
"10","185","13"
"10","185","14"
"10","185","15"
"10","335","19"
"10","335","20"
"10","335","21"
"10","335","22"
"10","335","23"
"10","335","24"
"10","62","1"
"10","62","2"
"10","62","3"
"10","62","4"
"10","62","5"
"10","62","6"
"10","62","7"
"10","62","8"
"10","62","9"
"10","487","5"
"10","487","6"
"10","487","7"
"10","487","8"
"10","487","9"
"10","487","10"
"10","172","19"
"10","172","20"
"10","392","5"
"10","392","6"
"10","392","7"
"10","392","8"
"10","392","9"
"10","392","10"
"10","392","11"
"10","392","12"
"10","392","13"
"10","190","3"
"10","190","4"
"10","190","5"
"10","198","2"
"10","98","12"
"10","441","1"
"10","441","2"
"10","441","3"
"10","441","4"
"10","441","5"
"10","441","6"
"10","235","1"
"10","235","2"
"10","202","11"
"10","202","12"
"10","202","13"
"10","202","14"
"10","202","15"
"10","376","1"
"10","376","2"
"10","376","3"
"10","255","8"
"10","255","9"
"10","229","17"
"10","229","18"
"10","229","19"
"10","229","20"
"10","229","21"
"10","229","22"
"10","177","7"
"9","431","1"
"9","431","2"
"9","431","3"
"9","431","4"
"9","431","5"
"9","431","6"
"9","145","13"
"9","145","14"
"9","145","15"
"9","145","16"
"9","145","17"
"9","298","10"
"9","288","1"
"9","137","18"
"9","137","19"
"9","137","20"
"9","137","21"
"9","290","9"
"9","290","10"
"9","290","11"
"9","290","12"
"9","290","13"
"9","290","14"
"9","290","15"
"9","290","16"
"9","305","5"
"9","305","6"
"9","305","7"
"9","305","8"
"9","305","9"
"9","305","10"
"9","488","16"
"9","488","17"
"9","488","18"
"9","245","1"
"9","245","2"
"9","245","3"
"9","29","12"
"9","29","13"
"9","29","14"
"9","29","15"
"9","29","16"
"9","29","17"
"9","29","18"
"9","29","19"
"9","29","20"
"9","292","12"
"9","292","13"
"9","292","14"
"9","292","15"
"9","292","16"
"9","292","17"
"9","292","18"
"9","292","19"
"9","292","20"
"9","325","10"
"9","325","11"
"9","325","12"
"9","325","13"
"9","325","14"
"9","325","15"
"9","42","13"
"9","42","14"
"9","42","15"
"9","42","16"
"9","42","17"
"9","183","1"
"9","183","2"
"9","183","3"
"9","183","4"
"9","183","5"
"9","183","6"
"9","183","7"
"9","206","13"
"9","216","8"
"9","216","9"
"9","341","8"
"9","341","9"
"9","341","10"
"9","435","29"
"9","435","30"
"9","435","31"
"9","435","32"
"9","435","33"
"9","435","34"
"9","435","35"
"9","24","1"
"9","24","2"
"9","24","3"
"9","24","4"
"9","24","5"
"9","82","10"
"9","134","13"
"9","134","14"
"9","452","9"
"9","452","10"
"9","452","11"
"9","452","12"
"9","452","13"
"9","452","14"
"9","452","15"
"9","452","16"
"9","205","3"
"9","205","4"
"9","205","5"
"9","205","6"
"9","205","7"
"9","205","8"
"9","205","9"
"9","205","10"
"9","49","2"
"9","49","3"
"9","49","4"
"9","49","5"
"9","49","6"
"9","49","7"
"9","49","8"
"9","49","9"
"9","49","10"
"9","49","11"
"9","141","1"
"9","141","2"
"9","141","3"
"9","141","4"
"9","141","5"
"9","141","6"
"9","141","7"
"9","141","8"
"9","141","9"
"9","351","4"
"9","351","5"
"9","351","6"
"9","351","7"
"9","351","8"
"9","351","9"
"9","401","8"
"9","401","9"
"9","401","10"
"9","401","11"
"9","401","12"
"9","401","13"
"9","401","14"
"9","132","1"
"9","132","2"
"9","132","3"
"9","132","4"
"9","3","1"
"9","3","2"
"9","3","3"
"9","3","4"
"9","3","5"
"9","3","6"
"9","3","7"
"9","3","8"
"9","11","2"
"9","11","3"
"9","11","4"
"9","11","5"
"9","223","6"
"9","223","7"
"9","223","8"
"9","223","9"
"9","223","10"
"9","223","11"
"9","223","12"
"9","232","13"
"9","232","14"
"9","357","1"
"9","357","2"
"9","357","3"
"9","357","4"
"9","357","5"
"9","357","6"
"9","357","7"
"9","357","8"
"9","357","9"
"9","357","10"
"9","451","1"
"9","260","4"
"9","260","5"
"9","260","6"
"9","260","7"
"9","260","8"
"9","496","7"
"9","496","8"
"9","496","9"
"9","496","10"
"9","496","11"
"9","496","12"
"9","496","13"
"9","485","25"
"9","485","26"
"9","485","27"
"9","485","28"
"9","485","29"
"9","485","30"
"9","485","31"
"9","349","15"
"9","349","16"
"9","349","17"
"9","349","18"
"9","349","19"
"11","485","32"
"11","485","33"
"11","485","34"
"11","261","1"
"11","261","2"
"11","261","3"
"11","261","4"
"11","261","5"
"11","261","6"
"11","261","7"
"11","261","8"
"11","261","9"
"11","261","10"
"11","473","11"
"11","473","12"
"11","473","13"
"11","473","14"
"11","473","15"
"11","473","16"
"11","473","17"
"11","473","18"
"11","473","19"
"11","174","9"
"11","174","10"
"11","174","11"
"11","174","12"
"11","363","23"
"11","363","24"
"11","11","6"
"11","11","7"
"11","11","8"
"11","11","9"
"11","11","10"
"11","11","11"
"11","494","18"
"11","494","19"
"11","78","1"
"11","78","2"
"11","389","1"
"11","389","2"
"11","389","3"
"11","389","4"
"11","389","5"
"11","389","6"
"11","389","7"
"11","389","8"
"11","389","9"
"11","450","2"
"11","450","3"
"11","450","4"
"11","450","5"
"11","450","6"
"11","450","7"
"11","450","8"
"11","450","9"
"11","450","10"
"11","450","11"
"11","342","20"
"11","427","10"
"11","427","11"
"11","427","12"
"11","427","13"
"11","427","14"
"11","70","11"
"11","70","12"
"11","70","13"
"11","70","14"
"11","70","15"
"11","70","16"
"11","70","17"
"11","70","18"
"11","70","19"
"11","179","4"
"11","179","5"
"11","179","6"
"11","448","21"
"11","448","22"
"11","464","17"
"11","464","18"
"11","464","19"
"11","464","20"
"11","464","21"
"11","464","22"
"11","464","23"
"11","464","24"
"11","464","25"
"11","299","10"
"11","299","11"
"11","299","12"
"11","299","13"
"11","299","14"
"11","299","15"
"11","299","16"
"11","299","17"
"11","299","18"
"11","299","19"
"11","337","11"
"11","337","12"
"11","58","4"
"11","58","5"
"11","172","21"
"11","172","22"
"11","172","23"
"11","172","24"
"11","203","10"
"11","203","11"
"11","203","12"
"11","203","13"
"11","203","14"
"11","203","15"
"11","5","6"
"11","5","7"
"11","295","17"
"11","295","18"
"11","295","19"
"11","295","20"
"11","295","21"
"11","295","22"
"11","295","23"
"11","295","24"
"11","295","25"
"11","443","9"
"11","443","10"
"11","443","11"
"11","443","12"
"11","443","13"
"11","443","14"
"11","443","15"
"11","443","16"
"11","197","9"
"11","39","1"
"11","39","2"
"11","39","3"
"11","39","4"
"11","39","5"
"11","39","6"
"11","39","7"
"11","39","8"
"11","39","9"
"11","39","10"
"11","100","18"
"11","100","19"
"11","100","20"
"11","100","21"
"11","100","22"
"11","100","23"
"11","100","24"
"11","100","25"
"11","300","2"
"11","213","11"
"11","213","12"
"11","213","13"
"11","74","9"
"11","74","10"
"11","74","11"
"11","74","12"
"11","74","13"
"11","74","14"
"11","74","15"
"11","74","16"
"11","436","10"
"11","436","11"
"11","436","12"
"11","436","13"
"11","436","14"
"11","436","15"
"11","436","16"
"11","436","17"
"11","458","4"
"11","458","5"
"11","458","6"
"11","458","7"
"11","458","8"
"11","458","9"
"11","458","10"
"11","458","11"
"11","230","1"
"11","230","2"
"11","230","3"
"11","230","4"
"11","230","5"
"11","272","8"
"11","272","9"
"11","306","13"
"11","306","14"
"11","219","4"
"11","219","5"
"11","219","6"
"11","219","7"
"11","219","8"
"11","376","4"
"11","376","5"
"11","376","6"
"11","376","7"
"11","312","21"
"11","312","22"
"11","312","23"
"11","312","24"
"11","312","25"
"11","312","26"
"11","312","27"
"11","312","28"
"11","312","29"
"11","312","30"
"11","399","1"
"11","399","2"
"11","399","3"
"11","399","4"
"11","119","3"
"11","119","4"
"11","487","11"
"11","487","12"
"11","487","13"
"11","487","14"
"11","487","15"
"11","487","16"
"11","487","17"
"11","487","18"
"11","253","5"
"11","253","6"
"11","253","7"
"11","253","8"
"11","59","11"
"11","59","12"
"11","59","13"
"11","59","14"
"11","59","15"
"11","301","1"
"11","301","2"
"11","301","3"
"11","133","8"
"11","133","9"
"11","133","10"
"11","133","11"
"11","133","12"
"11","133","13"
"11","133","14"
"11","136","10"
"11","136","11"
"11","246","15"
"11","246","16"
"11","246","17"
"11","246","18"
"11","57","6"
"11","57","7"
"11","57","8"
"11","57","9"
"11","57","10"
"11","57","11"
"11","57","12"
"11","57","13"
"11","57","14"
"11","435","36"
"11","435","37"
"11","73","11"
"11","73","12"
"11","73","13"
"11","73","14"
"11","53","1"
"11","53","2"
"11","53","3"
"11","260","9"
"11","260","10"
"11","260","11"
"11","260","12"
"11","483","1"
"11","483","2"
"11","483","3"
"11","483","4"
"11","483","5"
"11","483","6"
"11","483","7"
"11","483","8"
"11","343","25"
"11","343","26"
"11","343","27"
"11","296","1"
"11","296","2"
"11","296","3"
"11","296","4"
"11","296","5"
"11","296","6"
"11","296","7"
"11","296","8"
"11","296","9"
"11","166","1"
"11","166","2"
"11","166","3"
"11","69","3"
"11","69","4"
"11","69","5"
"11","69","6"
"11","69","7"
"11","69","8"
"11","69","9"
"11","69","10"
"11","409","20"
"11","409","21"
"11","409","22"
"11","409","23"
"11","409","24"
"11","425","21"
"11","425","22"
"11","425","23"
"11","425","24"
"11","425","25"
"11","425","26"
"11","425","27"
"11","477","5"
"11","477","6"
"11","477","7"
"11","477","8"
"11","477","9"
"11","477","10"
"11","477","11"
"11","477","12"
"11","477","13"
"11","474","1"
"11","474","2"
"11","474","3"
"11","474","4"
"11","474","5"
"11","474","6"
"11","474","7"
"11","256","8"
"11","256","9"
"11","145","18"
"11","145","19"
"11","145","20"
"11","145","21"
"11","145","22"
"11","145","23"
"11","145","24"
"11","145","25"
"11","36","19"
"11","36","20"
"11","36","21"
"11","36","22"
"11","36","23"
"11","36","24"
"11","216","10"
"11","216","11"
"11","216","12"
"11","216","13"
"11","216","14"
"11","216","15"
"11","216","16"
"11","216","17"
"11","216","18"
"11","30","11"
"11","30","12"
"11","30","13"
"11","30","14"
"11","30","15"
"11","32","8"
"11","32","9"
"11","32","10"
"11","32","11"
"11","32","12"
"11","32","13"
"11","32","14"
"11","32","15"
"11","75","24"
"11","75","25"
"11","75","26"
"11","75","27"
"11","75","28"
"11","75","29"
"11","75","30"
"11","75","31"
"11","75","32"
"11","75","33"
"11","406","6"
"11","406","7"
"11","406","8"
"11","406","9"
"11","406","10"
"11","406","11"
"11","406","12"
"11","406","13"
"11","406","14"
"11","278","5"
"11","278","6"
"11","278","7"
"11","472","5"
"11","472","6"
"11","472","7"
"11","472","8"
"11","472","9"
"11","472","10"
"11","262","7"
"11","262","8"
"11","262","9"
"11","54","1"
"11","54","2"
"11","54","3"
"11","54","4"
"11","54","5"
"11","54","6"
"11","27","1"
"11","444","7"
"11","444","8"
"11","444","9"
"11","444","10"
"11","444","11"
"11","444","12"
"11","444","13"
"11","12","9"
"11","12","10"
"11","12","11"
"11","394","1"
"11","394","2"
"11","218","10"
"11","218","11"
"11","218","12"
"11","218","13"
"11","218","14"
"11","218","15"
"11","218","16"
"11","218","17"
"11","88","1"
"11","335","25"
"11","335","26"
"11","335","27"
"11","335","28"
"11","335","29"
"11","335","30"
"11","335","31"
"11","335","32"
"11","417","4"
"11","417","5"
"11","417","6"
"11","68","1"
"11","68","2"
"11","68","3"
"11","68","4"
"11","68","5"
"11","68","6"
"11","393","10"
"11","393","11"
"11","393","12"
"11","393","13"
"11","23","6"
"11","23","7"
"11","23","8"
"11","23","9"
"11","23","10"
"11","23","11"
"11","23","12"
"11","23","13"
