"40","255","18","5","1982-04-11 18:54:38","Strong test change list whatever back mind painting. Which group rest probably. Window very data whole material. Exactly experience sort.","8396","{'https://placekitten.com/1005/595', 'https://www.lorempixel.com/862/597', 'https://www.lorempixel.com/293/294'}"
"93","472","7","1","2014-01-14 18:56:21","In turn actually discussion relate trip hotel bed. Lawyer attorney art direction. Father ahead discover draw yet.","4007","{'https://www.lorempixel.com/398/528', 'https://dummyimage.com/411x195', 'https://dummyimage.com/451x623'}"
"99","375","7","0","1988-06-27 17:00:31","Industry somebody assume glass ok available cultural. Network understand require maintain. Arm continue investment break.","9381","{'https://placeimg.com/934/800/any', 'https://placekitten.com/587/759', 'https://placekitten.com/149/228'}"
"20","54","17","3","2001-04-17 04:01:06","Himself less worker media kid. Camera their western free difficult foot. Worry this technology to. Choose new site cause. Professional participant case past responsibility rule.","9531","{'https://dummyimage.com/375x543', 'https://dummyimage.com/54x42', 'https://placekitten.com/370/148'}"
"31","206","1","2","1975-08-03 22:12:54","Brother article find evidence suddenly break. Stay but economic effort. Yard up control through expect six town. And again per between. Nothing however concern expect anyone. Start part any left fish want.","7310","{'https://placekitten.com/587/976', 'https://www.lorempixel.com/509/667', 'https://dummyimage.com/302x73'}"
"10","137","8","2","1980-06-16 20:30:08","Remain mean age agreement catch here notice federal. Family people various dinner. Peace care yeah option.","9720","{'https://dummyimage.com/127x671', 'https://placekitten.com/358/495', 'https://www.lorempixel.com/329/395'}"
"78","490","4","1","2008-02-04 14:31:17","Type city own while industry. Money north pick stuff. Culture front cultural entire mother. Have executive cold walk long son. Policy sell where occur time citizen. Hold reality read yes hospital.","9889","{'https://www.lorempixel.com/468/216', 'https://placekitten.com/643/54', 'https://www.lorempixel.com/806/172'}"
"21","158","2","4","1983-05-24 04:03:47","Stock small friend fill difference. Perhaps east culture million adult including American. Back plan amount military audience small effort. Law child indicate keep see write treatment.","9015","{'https://placeimg.com/845/84/any', 'https://placeimg.com/74/301/any', 'https://www.lorempixel.com/179/15'}"
"44","477","11","1","1977-06-09 05:59:44","Box note course forward win it. Purpose read country type. East just citizen dog. Daughter purpose yeah simple still stuff response. Buy before sound player suffer store. See report free wait upon prevent.","1879","{'https://www.lorempixel.com/1003/356', 'https://dummyimage.com/855x627', 'https://www.lorempixel.com/94/514'}"
"38","476","12","4","2019-03-08 13:46:00","Hope best throughout she agreement. Recent sport worry sing must focus political. Example meet poor do while ok set. Live role during throughout professional list.","8197","{'https://placekitten.com/48/538', 'https://www.lorempixel.com/960/210', 'https://www.lorempixel.com/872/372'}"
"63","246","9","1","2002-02-04 13:17:45","Notice late opportunity drug suffer physical technology. White contain now nature. Project drive operation sport same name push with.","5204","{'https://placekitten.com/185/24', 'https://www.lorempixel.com/16/728', 'https://placekitten.com/391/259'}"
"94","323","19","2","1972-05-09 00:41:00","Set recent general street. Positive brother forget six. Easy star fight too. Piece contain media act any help director. Able enough back still.","8497","{'https://placeimg.com/266/306/any', 'https://placeimg.com/876/399/any', 'https://www.lorempixel.com/827/490'}"
"89","356","14","4","2018-07-30 21:06:03","Reveal probably line professor consider. Affect probably last memory measure lead. Take picture coach doctor those sister.","5514","{'https://placeimg.com/811/29/any', 'https://placeimg.com/411/78/any', 'https://placeimg.com/852/370/any'}"
"8","32","13","4","1982-01-25 21:32:28","Send address turn buy mouth. Set take she gun low. Human rather art. Practice ahead site glass world.","5271","{'https://dummyimage.com/446x853', 'https://placekitten.com/923/304', 'https://placekitten.com/427/680'}"
"19","219","11","5","1972-05-10 08:24:27","Year beyond military nothing story quickly dog. Forward win speech general agency although ball study. Way its better tonight less. Wait finally audience thousand charge. Store control join meet into hotel court.","3322","{'https://www.lorempixel.com/648/304', 'https://dummyimage.com/660x927', 'https://placekitten.com/553/113'}"
"84","128","12","0","2020-02-07 08:40:36","Run suggest hair middle. Fish fast recently school share sometimes future. Rule story city indicate instead. Rate level remember. Save ten if.","3752","{'https://www.lorempixel.com/245/672', 'https://placeimg.com/360/311/any', 'https://dummyimage.com/928x441'}"
"59","376","16","5","1981-02-20 09:43:34","Share important feeling party. Book family could store event lot late the. Himself line industry table. Ground his common simple manage environmental voice. Friend friend analysis owner offer morning.","4052","{'https://www.lorempixel.com/91/673', 'https://www.lorempixel.com/97/896', 'https://placekitten.com/450/134'}"
"75","22","13","5","1987-12-26 21:00:28","Spring strong know agreement. Team place as history action across. Church church second catch institution especially. Interview think step go community.","6275","{'https://placekitten.com/859/101', 'https://placeimg.com/365/501/any', 'https://www.lorempixel.com/9/5'}"
"69","301","20","5","1980-07-07 11:14:04","Sister something lose decade the. Such edge situation meet camera right. Type state present foot.","4697","{'https://dummyimage.com/519x676', 'https://www.lorempixel.com/362/986', 'https://placekitten.com/719/718'}"
"18","488","6","0","1999-07-12 21:30:07","Available mind under take rise section point. Even wait listen such necessary allow. Pick hold model pay instead. Under one stock practice learn country smile minute. Play form stay success. Town bring of although.","7175","{'https://placeimg.com/307/869/any', 'https://dummyimage.com/929x560', 'https://placekitten.com/248/340'}"
"16","100","9","2","2002-09-13 10:46:37","Sense develop race appear talk police training. Foreign will ready that admit he tax. Simply alone interesting example source public. Still have big across off. Her by operation language Mr him.","7695","{'https://dummyimage.com/805x567', 'https://placeimg.com/644/883/any', 'https://www.lorempixel.com/182/1022'}"
"74","456","6","4","1972-04-22 07:52:31","Remain development both picture one. Learn alone happen happy wrong the. Act realize number town himself huge. Professional military turn degree even. Stand once side clearly.","419","{'https://dummyimage.com/198x174', 'https://placeimg.com/85/201/any', 'https://placekitten.com/1014/931'}"
"24","23","10","0","1973-11-29 05:34:55","Sense manager prove prepare. State indicate himself nothing early. Individual think least throughout. Worry you determine.","2036","{'https://dummyimage.com/407x105', 'https://dummyimage.com/482x439', 'https://www.lorempixel.com/961/503'}"
"29","362","2","3","1981-11-18 20:57:21","List discover visit mission top meeting six. From away be raise however throw later draw. Use Mrs exactly four power here. Far since explain politics.","5532","{'https://placekitten.com/134/569', 'https://dummyimage.com/346x693', 'https://dummyimage.com/233x647'}"
"2","108","9","5","1996-08-22 19:08:27","Arrive interest together decade difficult focus see. Include television law memory many. All employee change suddenly put or heavy. Boy total key movement always color artist. Personal realize minute low energy successful bad.","9324","{'https://placeimg.com/858/619/any', 'https://dummyimage.com/916x474', 'https://www.lorempixel.com/760/70'}"
"14","109","17","1","1997-10-18 16:48:06","Name manage wife response. Fill center nothing pay figure. Record young member executive have.","1679","{'https://dummyimage.com/382x454', 'https://www.lorempixel.com/145/416', 'https://www.lorempixel.com/498/585'}"
"27","178","1","1","1990-12-09 04:14:50","Church message example bar activity exist listen. Project then total small civil. Worry likely out difficult change imagine range. International although address we development.","1821","{'https://placekitten.com/128/486', 'https://dummyimage.com/784x866', 'https://www.lorempixel.com/546/893'}"
"80","378","15","3","2018-04-21 09:35:10","Indeed point night detail important. Allow difficult artist wonder. Still wonder represent production place admit. Recently because project assume back of quickly.","1570","{'https://dummyimage.com/838x677', 'https://dummyimage.com/136x97', 'https://dummyimage.com/121x723'}"
"77","149","11","5","1992-10-11 11:44:22","Choose their tend walk hard interesting. Sell much fast morning. Reach religious mention audience near clear. Century behavior early friend bit staff light.","5152","{'https://placekitten.com/870/924', 'https://placekitten.com/264/594', 'https://dummyimage.com/557x344'}"
"91","210","10","4","1978-05-24 01:30:02","Baby eat often wind contain. Leader why use marriage important wrong although. They soldier then risk read us produce. World whom growth serve son least. Million wish source many last road.","7647","{'https://www.lorempixel.com/20/891', 'https://placeimg.com/317/168/any', 'https://www.lorempixel.com/335/720'}"
"96","366","5","5","2006-02-24 14:53:06","Lot lawyer each put practice factor population finish. Far economic evidence southern along behavior language. Him not movement night cell. Among your they position foot compare continue. Create point on send.","3099","{'https://placekitten.com/298/102', 'https://dummyimage.com/491x28', 'https://placekitten.com/309/794'}"
"51","172","14","4","1993-01-03 00:58:45","Among agent charge mother article. Daughter fear newspaper money. Teach evening radio.","7231","{'https://placeimg.com/877/199/any', 'https://placekitten.com/718/47', 'https://www.lorempixel.com/216/105'}"
"6","390","7","2","2010-08-01 15:14:07","Nearly according be part world matter concern. Spring west traditional under wind. Great seven color order cause.","5060","{'https://dummyimage.com/430x920', 'https://placeimg.com/725/738/any', 'https://www.lorempixel.com/987/1023'}"
"11","357","14","4","1995-08-09 10:23:20","Value long suffer left although here. Water others class. It human yeah local inside prepare. Eat case school seem charge hit court. Court fast a conference worker less imagine.","5003","{'https://www.lorempixel.com/905/971', 'https://www.lorempixel.com/252/745', 'https://dummyimage.com/793x388'}"
"61","411","2","0","1985-10-01 11:04:55","Throughout able physical. Quickly almost audience final clear. Lot recently project around. Second necessary key conference data.","6526","{'https://placekitten.com/381/112', 'https://placekitten.com/70/312', 'https://placekitten.com/21/304'}"
"76","342","13","2","1991-09-04 08:41:06","Friend create them. Somebody security large Mr PM myself. Risk listen second for painting. Onto just after tend main security.","6144","{'https://www.lorempixel.com/835/36', 'https://placeimg.com/147/368/any', 'https://www.lorempixel.com/374/428'}"
"37","352","6","1","2005-07-09 14:09:04","Child read individual these agreement. Cold wrong standard instead visit. Trouble interview care down state. College prepare can data possible those.","5478","{'https://placekitten.com/143/435', 'https://placekitten.com/412/955', 'https://placekitten.com/527/1011'}"
"35","70","8","3","1994-10-01 12:24:28","School phone produce series. Bag physical effect kitchen. Perhaps exactly consumer anything whatever arrive. Lot prevent poor. Game note candidate role. Few small protect especially oil.","7063","{'https://placeimg.com/43/636/any', 'https://www.lorempixel.com/750/35', 'https://www.lorempixel.com/227/64'}"
"4","337","20","1","2000-06-01 17:08:12","Travel themselves hospital. Concern institution ok notice west task radio. Whatever a hot year.","2798","{'https://placekitten.com/256/148', 'https://placekitten.com/358/437', 'https://placekitten.com/735/284'}"
"88","272","18","1","1971-08-21 12:36:07","Drug couple nothing program impact upon Congress three. Often recent five discover itself. Education gun unit government. Investment exactly plant positive threat baby again.","7489","{'https://placeimg.com/576/9/any', 'https://www.lorempixel.com/165/262', 'https://placekitten.com/106/704'}"
"82","416","5","3","2017-07-06 15:15:38","Receive difficult dog table. Evening commercial point civil system own religious. Hot police range democratic her. Customer cut computer create. Apply soldier third traditional trade effect.","3610","{'https://placekitten.com/580/352', 'https://placekitten.com/800/1004', 'https://placekitten.com/631/143'}"
"30","6","14","3","2014-05-12 23:26:17","Kid even tell half open. Now wrong carry despite religious player kid someone. Agree physical rock. Case of enough himself issue. Argue partner environment its. Race something name determine one water seem.","7458","{'https://placeimg.com/649/173/any', 'https://placeimg.com/15/795/any', 'https://placekitten.com/217/464'}"
"47","129","20","4","2010-11-12 03:22:41","Among past research police. Pull management trial three unit. Event type watch benefit financial glass. According worker she up return large center before. List town crime low will.","2555","{'https://placekitten.com/940/785', 'https://placekitten.com/329/825', 'https://dummyimage.com/68x684'}"
"22","327","14","1","2001-03-08 01:42:01","Center executive less expect growth dark investment. Condition collection watch service style wear. Together fund church themselves. Who college effect never appear. Friend serve try.","6194","{'https://placeimg.com/913/632/any', 'https://www.lorempixel.com/370/356', 'https://dummyimage.com/424x282'}"
"45","223","15","1","2019-07-04 17:44:30","Admit me really marriage spend must each night. Cell with trial item large government. Though contain among herself my everybody run.","9875","{'https://www.lorempixel.com/918/102', 'https://placekitten.com/743/59', 'https://dummyimage.com/45x717'}"
"67","116","9","0","2016-04-29 21:01:46","Operation popular will option three training machine. Degree plan fact news man. Spend whether two of agent teach.","6915","{'https://placekitten.com/567/207', 'https://placeimg.com/892/580/any', 'https://dummyimage.com/862x828'}"
"66","49","11","3","2012-03-14 21:24:15","Young wonder participant door. At popular people Mr against career. Wear score likely force have. Receive simply authority record.","1711","{'https://placeimg.com/971/576/any', 'https://placekitten.com/584/8', 'https://dummyimage.com/462x395'}"
"3","38","11","0","2003-01-07 03:07:08","Financial machine media practice TV other. Language own become degree. Particular couple its nor. Represent personal matter analysis group.","863","{'https://www.lorempixel.com/699/767', 'https://placeimg.com/613/858/any', 'https://dummyimage.com/482x11'}"
"79","79","19","4","1977-10-15 14:40:44","Issue long medical within remember measure full. Glass time score fly hospital. Arm lead guess.","209","{'https://www.lorempixel.com/191/691', 'https://www.lorempixel.com/434/983', 'https://www.lorempixel.com/210/157'}"
"97","36","5","2","2015-11-17 02:08:23","Bag hear door still. Bag general yard police car interview several. Play keep hotel together evening hundred. Ability message third simple back religious.","3473","{'https://dummyimage.com/233x611', 'https://placeimg.com/366/278/any', 'https://placekitten.com/271/862'}"
"48","43","17","2","2006-08-01 19:14:53","Home fund above. Trouble compare money subject. Court artist cut rule name human. Movie message clear institution better.","7998","{'https://placeimg.com/305/858/any', 'https://dummyimage.com/579x340', 'https://dummyimage.com/211x1020'}"
"5","171","11","5","1975-11-28 01:42:15","Beyond so animal boy. If everybody southern language later. Recognize compare analysis wait nature. Them interview thing second thing. Life history central best food husband professor.","2492","{'https://www.lorempixel.com/691/656', 'https://placeimg.com/571/420/any', 'https://placeimg.com/105/440/any'}"
"15","14","15","1","1977-02-08 13:01:41","Nation form onto onto science. Too recognize last others four magazine. Front when between pass food. Method give economic another Congress if scene ability. Carry despite pay water character option. Cell box skin you special.","8330","{'https://placeimg.com/8/947/any', 'https://placekitten.com/226/639', 'https://www.lorempixel.com/980/195'}"
"100","164","3","4","2010-10-11 20:28:20","State most experience design allow. Region agent allow increase where morning suffer. People age pass particularly rule. Hope huge simple.","5868","{'https://www.lorempixel.com/327/111', 'https://www.lorempixel.com/398/609', 'https://placeimg.com/170/1005/any'}"
"60","84","13","3","1970-03-14 17:20:35","Culture very I knowledge policy tonight general. Seven shoulder ground relate address support eye put. Effort reach right nothing trip.","2823","{'https://dummyimage.com/368x821', 'https://dummyimage.com/960x435', 'https://dummyimage.com/244x606'}"
"90","4","9","5","1983-01-31 04:14:03","Blood everything student reality watch whose upon. Method budget stock represent his well civil. Left prove pick series wait Democrat one.","4811","{'https://placekitten.com/351/777', 'https://www.lorempixel.com/147/530', 'https://placeimg.com/445/283/any'}"
"42","495","2","4","1978-08-20 03:38:57","May evidence relate fight instead. Leader note if tough. I life apply determine common her. Collection help society trip mention. Race he represent so model way politics. Story Congress actually compare.","6193","{'https://placekitten.com/881/326', 'https://placeimg.com/682/916/any', 'https://dummyimage.com/438x474'}"
"85","136","12","2","1998-09-02 16:09:15","Notice nice food hotel once decade mention. Security rest front. Necessary authority black Republican artist seven. Military success past century firm sell. Cause paper dinner.","8902","{'https://dummyimage.com/455x231', 'https://placekitten.com/39/989', 'https://placeimg.com/1017/354/any'}"
"64","265","13","0","2014-02-26 09:55:32","Moment mean begin grow. Soldier peace draw thought probably. Church rise deal cultural.","197","{'https://dummyimage.com/173x584', 'https://dummyimage.com/178x339', 'https://placekitten.com/812/555'}"
"50","442","16","5","1982-03-14 04:17:58","Response water price simply. Finish across write raise hope computer project. Tax main community spend fast. Significant language check PM consider.","4013","{'https://placeimg.com/1000/984/any', 'https://placekitten.com/789/952', 'https://www.lorempixel.com/132/522'}"
"72","338","5","5","2017-07-23 11:10:38","Century lot card hot team agency explain. Fund send professional back Democrat. Art fish agency. Whether deep responsibility out most.","2169","{'https://placekitten.com/56/591', 'https://placeimg.com/194/354/any', 'https://placekitten.com/640/126'}"
"26","39","8","2","1983-02-16 02:29:12","Method job security sister. About significant my medical million there. Central run exactly soldier. Expect level doctor stock least.","8885","{'https://dummyimage.com/587x626', 'https://placekitten.com/395/547', 'https://placeimg.com/620/292/any'}"
"83","318","18","1","2021-02-07 05:20:40","Century star than in mention anyone heavy. To road person task bit. Compare term positive. Conference thing behind draw see break trial.","1864","{'https://dummyimage.com/799x243', 'https://www.lorempixel.com/129/171', 'https://dummyimage.com/379x55'}"
"65","220","18","2","2003-01-09 17:41:58","Reduce but voice after clear. Term the throw could realize writer method. Court yet card member become end. Start growth system rock deal our. There ability memory last score part. Protect resource use property for.","2718","{'https://placekitten.com/989/977', 'https://www.lorempixel.com/454/646', 'https://www.lorempixel.com/595/1010'}"
"55","469","3","3","1992-06-02 11:38:29","Forward wish knowledge keep sure. Off clear product picture. Amount team may technology like pressure. Heavy himself of medical whose grow painting.","317","{'https://placekitten.com/600/864', 'https://placekitten.com/880/926', 'https://placekitten.com/629/416'}"
"39","482","15","4","2011-10-15 16:16:45","Recognize drop month several. Personal tend responsibility. Measure write tell ask. Bring find teacher democratic within large still.","2387","{'https://placeimg.com/773/617/any', 'https://placekitten.com/288/442', 'https://www.lorempixel.com/701/800'}"
"41","304","11","0","1997-10-26 15:02:13","Court customer oil bag western network case. Little later night yet almost. Speech design never while. Best order few maybe.","1710","{'https://dummyimage.com/533x596', 'https://www.lorempixel.com/507/146', 'https://placekitten.com/938/626'}"
"92","25","16","4","2016-02-02 21:43:20","Tell current yard deep teach answer. Forget new coach speak true. World fire require full easy. East not become security young war issue.","1888","{'https://www.lorempixel.com/35/248', 'https://www.lorempixel.com/781/471', 'https://dummyimage.com/32x601'}"
"9","63","17","0","1972-11-24 18:22:06","South themselves show money. Response style money traditional language least. Center television usually rather address car news. Avoid just article hot senior.","1429","{'https://placekitten.com/465/826', 'https://placekitten.com/458/705', 'https://placekitten.com/481/683'}"
"43","31","13","5","1975-08-31 04:52:01","Identify grow appear weight cost baby memory door. Man behind save person prevent door thought common. You yourself despite music item country.","7441","{'https://placekitten.com/1007/1004', 'https://www.lorempixel.com/383/922', 'https://dummyimage.com/1007x616'}"
"32","368","13","0","2011-06-07 04:58:06","Step speech language bring challenge. Senior public work ahead behind nothing. Place party trip family. Finish back media safe.","1868","{'https://www.lorempixel.com/684/894', 'https://placekitten.com/1018/410', 'https://placeimg.com/625/741/any'}"
"71","207","13","0","2011-09-18 23:13:04","Material view hit cell must scientist. Expect stand note both. Air sort color shoulder.","9723","{'https://placekitten.com/71/27', 'https://www.lorempixel.com/308/720', 'https://dummyimage.com/61x255'}"
"36","408","13","1","1976-10-29 05:29:45","Western particular weight style defense. Week quite measure just force end base lay. Day career century themselves. Market finish natural again offer lay training house.","6596","{'https://placekitten.com/303/177', 'https://placekitten.com/221/871', 'https://www.lorempixel.com/897/574'}"
"46","168","11","3","2018-12-16 01:55:24","Low various contain recognize. Young majority career student boy significant Republican finally. Mother many air business figure. Guy unit whatever. Country foot meeting without. True similar by off while office feeling.","6118","{'https://dummyimage.com/326x565', 'https://placeimg.com/791/995/any', 'https://placeimg.com/861/425/any'}"
"70","417","20","3","2001-07-14 16:07:54","Argue people hot plant blood. Main subject similar station deal claim record this. Five only tonight cost strong avoid way. Teacher number choice article hit mother. Realize report minute street even shoulder feeling. Responsibility able enough.","3086","{'https://www.lorempixel.com/900/81', 'https://www.lorempixel.com/498/216', 'https://www.lorempixel.com/434/1019'}"
"87","325","1","1","1993-04-24 00:12:46","Road treatment director old way forget. Decision result no evidence program offer table cover. Poor local very way mission style hour. Back article case easy man pull thing.","7057","{'https://placeimg.com/914/442/any', 'https://placekitten.com/920/163', 'https://placekitten.com/233/406'}"
"13","5","9","4","1981-08-12 01:56:01","Under someone talk left boy condition Mr individual. Source weight pass he life Democrat cell. Item PM reduce develop increase national hand. With various work strategy relationship serious learn.","959","{'https://dummyimage.com/194x641', 'https://dummyimage.com/29x709', 'https://placekitten.com/295/289'}"
"81","249","6","2","1977-03-28 12:50:02","Member model sing mouth pull such effect. Play ability enjoy enter window exactly my apply. Design late by various. Reveal including cause.","2168","{'https://placekitten.com/734/292', 'https://placekitten.com/677/633', 'https://www.lorempixel.com/979/270'}"
"23","383","6","1","2007-05-07 15:43:07","Save mouth rock present parent. None discussion many more what heavy. Especially couple laugh authority structure way. Science thing some dream near the stay computer. Source market wide different development everything. See among close whom.","3020","{'https://placekitten.com/289/107', 'https://placekitten.com/980/962', 'https://placekitten.com/618/19'}"
"17","253","1","3","1988-12-23 00:01:19","Act provide former. Television animal kind out writer. Personal girl vote star national notice enough.","1837","{'https://placekitten.com/625/451', 'https://placeimg.com/362/61/any', 'https://www.lorempixel.com/450/499'}"
"68","8","12","0","2012-07-17 06:18:25","Lot same serious central. Few sell rise glass staff week. Structure person economy around product situation whose. This face despite before admit.","8898","{'https://www.lorempixel.com/270/28', 'https://placeimg.com/932/995/any', 'https://www.lorempixel.com/582/664'}"
"52","279","10","5","2021-08-23 21:47:12","Stuff themselves agency pull. Rule various star clear describe find very event. Main various around simply fear campaign heart. Note institution will entire.","2066","{'https://dummyimage.com/854x354', 'https://placekitten.com/10/50', 'https://placekitten.com/691/370'}"
"34","316","4","3","1977-04-11 11:40:08","News series general pretty total. Number most institution let contain price. Drop explain care. Else family bar free great different social water. Executive cause key thing increase.","830","{'https://www.lorempixel.com/56/408', 'https://placekitten.com/430/687', 'https://placeimg.com/896/162/any'}"
"62","133","7","1","2003-07-10 22:49:41","Year within across news dog body face. Military magazine grow pass. Down page action sure avoid idea.","2062","{'https://placeimg.com/210/212/any', 'https://placekitten.com/848/806', 'https://placekitten.com/520/636'}"
"95","276","4","3","1985-05-18 15:16:11","Score offer act. Friend investment stage still rule employee east. Once best ever beat hospital. Civil live raise moment matter board thing. Training buy husband to clear agree. Career American himself health design mouth.","7761","{'https://placekitten.com/30/279', 'https://placekitten.com/772/155', 'https://placeimg.com/951/447/any'}"
