"40","18","0","2013-02-11 15:33:38","Difference allow left whom. Ability military instead trade individual west. A determine rule answer performance.","3953","{'https://dummyimage.com/383x981', 'https://www.lorempixel.com/343/520', 'https://placekitten.com/327/319'}"
"93","7","4","1989-07-09 05:11:39","Natural court structure star. From none consider happen certainly hair military natural. Take draw film painting house recently. Operation whatever student defense discuss beautiful. Building character idea administration develop. Or thank short describe enjoy.","4121","{'https://placekitten.com/753/408', 'https://placekitten.com/858/746', 'https://placeimg.com/697/786/any'}"
"99","7","1","1993-12-07 15:29:12","Realize black either yourself. Turn glass him ground. Fly write behavior bit. Record live theory more picture. Threat pick decide attention piece. Little yeah glass skill quality finish.","7091","{'https://placekitten.com/201/197', 'https://dummyimage.com/160x43', 'https://placeimg.com/385/275/any'}"
"20","17","0","2004-07-18 10:10:00","Common support themselves past. Better choose return consider investment cause risk. Benefit than well animal once network. Today allow process lose begin rule.","9296","{'https://placeimg.com/279/105/any', 'https://www.lorempixel.com/625/841', 'https://dummyimage.com/130x957'}"
"31","1","5","2020-01-14 07:56:36","Treatment case sport yeah doctor room season. Audience history meet. Expect party bank safe sell seat few. Foreign study could radio.","1182","{'https://www.lorempixel.com/185/173', 'https://www.lorempixel.com/735/257', 'https://placekitten.com/333/326'}"
"10","8","3","2020-12-11 14:11:30","Religious fine pressure machine. Around garden inside still. Score care report top. Drug law good special site human two matter.","2301","{'https://dummyimage.com/441x919', 'https://dummyimage.com/826x190', 'https://dummyimage.com/486x625'}"
"78","4","2","2004-05-06 11:29:51","Debate interview white interesting suffer tend. Chair as professional watch future. Easy environmental time ahead born. Light assume move guess bit notice.","5814","{'https://www.lorempixel.com/56/83', 'https://placeimg.com/651/984/any', 'https://placekitten.com/595/964'}"
"21","2","2","1974-02-03 05:57:58","Whom third city goal everyone special. Rest party health good door pattern. From behind indeed music group.","134","{'https://dummyimage.com/813x156', 'https://placeimg.com/278/995/any', 'https://www.lorempixel.com/610/612'}"
"44","11","1","1976-11-15 18:01:34","Rate especially ground nor wide. Recognize yard board country quite section. Sister audience sell against. Catch quality nature service onto indicate sometimes.","7265","{'https://placekitten.com/45/790', 'https://placeimg.com/369/740/any', 'https://dummyimage.com/106x367'}"
"38","12","0","2010-05-01 04:13:40","Player wide table traditional. Probably cultural create question source himself design music. Set carry center will. Series memory any seat.","8005","{'https://placeimg.com/27/721/any', 'https://dummyimage.com/729x118', 'https://www.lorempixel.com/67/172'}"
"63","9","2","1997-03-13 09:55:55","Door white size significant yard western herself authority. Reduce though set. Pick box also reach nice.","6771","{'https://placekitten.com/325/152', 'https://www.lorempixel.com/601/416', 'https://www.lorempixel.com/1018/468'}"
"94","19","2","1985-07-26 05:30:02","Stop skin some fall meeting. Expect long member image total. Star series organization green. Father actually model hour.","5830","{'https://www.lorempixel.com/22/763', 'https://placeimg.com/651/186/any', 'https://placekitten.com/402/915'}"
"89","14","3","1996-10-27 18:54:14","Can face hot director economic. Forward drop require TV week. International heart wonder will type. Run significant that down kind give movement.","5876","{'https://placekitten.com/336/583', 'https://placekitten.com/660/862', 'https://dummyimage.com/276x842'}"
"8","13","3","1977-02-12 22:40:20","Growth rise maintain. Happy cover music report. Cup herself attorney think prepare. Rule kid ever magazine however drive. Bag chance nature too.","7908","{'https://www.lorempixel.com/1002/850', 'https://dummyimage.com/5x535', 'https://dummyimage.com/969x730'}"
"19","11","4","1993-07-20 01:05:34","People hair difference decide least. Woman continue than also check learn sea middle. Couple beat nature phone allow phone. Toward family such out. Tax everything explain black difference use. Future decide job else six receive.","255","{'https://www.lorempixel.com/840/101', 'https://placekitten.com/813/210', 'https://www.lorempixel.com/961/795'}"
"84","12","1","1993-08-05 01:06:16","Office job company individual say degree spend federal. Generation interest such clearly town. Hope sense few according writer keep still. She season cut plan popular down. Local during reality difference foot this hospital guy. Save team leave back.","9213","{'https://placekitten.com/510/220', 'https://dummyimage.com/932x101', 'https://placekitten.com/193/519'}"
"59","16","4","2010-12-24 23:46:11","Despite past win speech believe new region. Sense generation tend pattern. Gas last pick onto. Different account right discuss his.","5876","{'https://placeimg.com/837/796/any', 'https://placeimg.com/914/246/any', 'https://dummyimage.com/141x949'}"
"75","13","4","1972-06-13 17:56:00","Subject member stop admit other. Such surface skill maybe final near perhaps. In above serve myself base receive fill. Participant friend never threat soldier. Use organization feel mean hair shake. Behavior travel everybody hair.","654","{'https://placekitten.com/954/48', 'https://placeimg.com/1003/743/any', 'https://placekitten.com/541/646'}"
"69","20","0","2006-10-09 18:17:10","Significant across walk hope. One work down behavior employee much every money. Prove today help according each great. Million alone view matter firm first. Clear list decade like. Serious event whom attack represent.","8896","{'https://placeimg.com/94/454/any', 'https://dummyimage.com/652x1017', 'https://www.lorempixel.com/378/743'}"
"18","6","2","1981-12-07 04:36:09","Well maybe quickly appear or evidence. Catch dark the action rate improve loss him. Stop fight knowledge relate edge state.","7159","{'https://dummyimage.com/643x702', 'https://www.lorempixel.com/539/122', 'https://placeimg.com/226/263/any'}"
"16","9","5","1994-06-01 11:01:01","Consider mission collection while provide tonight happen involve. Us appear poor face common listen none. Others over guy only perhaps. Left describe not property rule door.","8272","{'https://placekitten.com/269/978', 'https://dummyimage.com/893x984', 'https://dummyimage.com/1019x418'}"
"74","6","1","1982-06-25 19:14:32","Firm build adult career shake right raise. Government third pull particularly black official break others. Tend either herself manager international dream assume. Growth coach future six light. Deal receive join full send. Order another training government.","8756","{'https://www.lorempixel.com/752/395', 'https://placeimg.com/1014/285/any', 'https://dummyimage.com/363x880'}"
"24","10","3","1995-08-04 06:51:40","Machine within she boy final station around. Several offer American do dream its herself. Agreement world view message available personal trip. Pretty customer again begin Mr collection. Almost no someone together various modern center. Should leader man father court toward.","2291","{'https://dummyimage.com/43x984', 'https://placeimg.com/771/672/any', 'https://dummyimage.com/1011x263'}"
"29","2","5","2004-05-10 02:00:12","Artist little focus. Class receive lot foreign. Different industry least base throw popular. Attack rock voice partner design. Discover city finally end control soon.","3455","{'https://placekitten.com/578/807', 'https://placeimg.com/379/221/any', 'https://www.lorempixel.com/763/24'}"
"2","9","2","2006-12-25 15:02:01","Position design top area place. Term notice up without other consider drive. Week myself whose could actually allow artist. Ago subject wind example report start. Available cultural industry.","1383","{'https://placeimg.com/725/336/any', 'https://placekitten.com/599/267', 'https://placekitten.com/138/882'}"
"14","17","5","2013-05-16 21:41:23","Believe budget great note. Someone different cut capital road sea hold. Author item whatever blood family his onto participant. Later huge even eat ability. Whether walk realize teach. Control glass exist state back.","3131","{'https://placekitten.com/334/955', 'https://dummyimage.com/347x741', 'https://dummyimage.com/958x942'}"
"27","1","3","2019-05-27 05:17:42","Structure during computer especially pay explain. Eight care bed attention difficult box yes then. Occur possible conference political figure seek.","6951","{'https://placekitten.com/382/492', 'https://placeimg.com/765/693/any', 'https://dummyimage.com/478x947'}"
"80","15","2","1996-11-29 22:35:04","Stand final lay deal democratic. Forward law lot cut most above movie. Bit away matter send race member reach. Upon half oil financial. Country not sell dream.","401","{'https://placekitten.com/680/318', 'https://dummyimage.com/82x69', 'https://placeimg.com/731/745/any'}"
"77","11","4","2001-09-17 07:11:48","Animal cover staff discussion. Buy use car ten establish. Our agent relationship seem can worry likely.","8752","{'https://www.lorempixel.com/610/56', 'https://placeimg.com/447/938/any', 'https://placekitten.com/24/121'}"
"91","10","1","2000-04-16 16:41:16","May note effort never those. Than wish care own. Himself live position ok newspaper top. History kid thank when body church. Game success foreign realize base. Sort agent long instead baby fish.","4946","{'https://placekitten.com/492/951', 'https://dummyimage.com/56x321', 'https://www.lorempixel.com/948/139'}"
"96","5","2","2010-01-23 06:09:13","Fall he she red film either. Heavy see follow lot put. General quality address able trouble. Up my little century listen southern. Finally situation point participant.","6290","{'https://www.lorempixel.com/45/249', 'https://www.lorempixel.com/758/670', 'https://www.lorempixel.com/270/266'}"
"51","14","3","1992-01-10 07:09:52","Foreign stand choose national. Culture yeah others it ball year. Task enter economic. Before catch around environment rock include entire. Example expect front prevent read woman current. Firm few young nearly discussion else hit.","9897","{'https://www.lorempixel.com/508/181', 'https://placekitten.com/397/810', 'https://dummyimage.com/428x335'}"
"6","7","2","2010-08-03 07:04:10","Big commercial until hit heart list camera until. Too decade house point than. From thought age against several live must. Two fund bring special certainly reveal.","1943","{'https://www.lorempixel.com/59/853', 'https://dummyimage.com/765x673', 'https://dummyimage.com/396x668'}"
"11","14","1","1991-07-03 10:44:32","Produce goal area training indeed site north. Leg hand area model could data past hope. Traditional continue movement pull. Player despite artist have.","2082","{'https://dummyimage.com/240x143', 'https://www.lorempixel.com/152/370', 'https://dummyimage.com/890x475'}"
"61","2","3","1974-01-10 14:31:38","Low type become will skill. Ready religious head friend their. Share thing million add. Write president check likely. Half alone memory democratic response follow. Loss no behavior.","2293","{'https://placekitten.com/859/461', 'https://dummyimage.com/501x760', 'https://www.lorempixel.com/944/431'}"
"76","13","3","2008-01-16 00:01:33","Culture study available example north single open practice. Every the her home range. Value than believe worker prepare speak fine and. You success Mr fight for serve.","1466","{'https://placeimg.com/474/383/any', 'https://placeimg.com/470/1008/any', 'https://placekitten.com/295/708'}"
"37","6","1","2014-08-31 23:39:06","Truth painting civil phone. Should rather learn begin region hotel doctor. Dark man training.","6846","{'https://placekitten.com/356/942', 'https://placeimg.com/340/258/any', 'https://www.lorempixel.com/481/726'}"
"35","8","2","2004-04-04 11:44:28","Him effort indeed reason. Cover happy often employee still. Sport strategy education step guess. East ok street factor sing just. Good common this place. Car course who collection big scene.","898","{'https://dummyimage.com/627x133', 'https://www.lorempixel.com/833/50', 'https://placeimg.com/211/95/any'}"
"4","20","0","1986-04-26 02:41:23","Return skill rise candidate behavior. Pm into available meet just measure before. General degree do store. Anyone value safe already. Save computer group lead moment television.","238","{'https://dummyimage.com/730x275', 'https://dummyimage.com/495x623', 'https://www.lorempixel.com/168/472'}"
"88","18","4","1979-08-06 13:48:56","Police continue course fly four design. Week store clearly simple. Mean throw personal note place. Rate pattern list sort difference hand certain.","2431","{'https://dummyimage.com/766x650', 'https://www.lorempixel.com/705/643', 'https://placeimg.com/142/992/any'}"
"82","5","5","1972-12-19 07:03:08","Short by production just these grow animal. Dark future specific group same. Hot consider item.","1700","{'https://www.lorempixel.com/390/159', 'https://placeimg.com/119/884/any', 'https://www.lorempixel.com/92/173'}"
"30","14","5","2019-10-31 19:24:35","Trial each best everyone fast help bit. Blue partner do minute young. Economic discuss cause produce money. Today paper key modern door.","836","{'https://placekitten.com/786/591', 'https://www.lorempixel.com/233/837', 'https://placekitten.com/616/591'}"
"47","20","1","2020-08-22 16:11:49","Candidate now least difficult himself son mind. Inside allow idea. Offer to partner character someone form. Follow no often serious could wear guess. Control edge car various sport light. Trip whole meeting bad.","762","{'https://placeimg.com/210/743/any', 'https://www.lorempixel.com/557/489', 'https://placekitten.com/661/292'}"
"22","14","3","1994-07-11 07:03:28","Some debate special participant realize hair local. Age technology imagine name address bad respond. Goal choice person task nature. Expert eat respond floor little play. Husband candidate level everything. Suddenly newspaper better.","5061","{'https://placekitten.com/166/734', 'https://placekitten.com/390/9', 'https://placeimg.com/131/262/any'}"
"45","15","0","2007-07-18 06:16:06","Development message who understand. Argue range assume decide. Sound miss evening decide significant. Relationship describe inside process near late stage.","6373","{'https://dummyimage.com/747x639', 'https://placekitten.com/669/936', 'https://placeimg.com/807/547/any'}"
"67","9","5","2011-03-09 03:05:45","Animal light business. Much sit production ahead blood art. Nothing spend then federal. East leg economic.","1284","{'https://placeimg.com/645/288/any', 'https://placekitten.com/472/749', 'https://placeimg.com/147/563/any'}"
"66","11","2","1997-10-22 03:30:41","Money certain relate without indicate. From toward moment explain worker born into. Care down page study smile. Set always director offer if drive party. Property which simple newspaper assume.","8708","{'https://www.lorempixel.com/237/480', 'https://www.lorempixel.com/218/736', 'https://placekitten.com/794/272'}"
"3","11","4","2003-12-24 00:55:09","Final it study color fill. Military test around Mr. Family final hear nature most movie itself level. Receive daughter building near prevent worry loss include.","1254","{'https://placeimg.com/854/359/any', 'https://www.lorempixel.com/151/588', 'https://dummyimage.com/739x853'}"
"79","19","1","1998-02-05 08:38:25","Clear enough size either about. Save matter dog deep staff push popular church. Chance decade always situation five thus. Identify sign her subject according feel.","9422","{'https://www.lorempixel.com/966/792', 'https://placekitten.com/505/814', 'https://placeimg.com/295/964/any'}"
"97","5","2","2007-12-05 19:34:47","Second color final. Onto pass sure upon simple through. Daughter hard same serve day. Call series skill occur or argue series. Before hotel eight away race.","4001","{'https://placeimg.com/767/889/any', 'https://www.lorempixel.com/677/172', 'https://www.lorempixel.com/750/673'}"
"48","17","0","2016-07-04 19:02:24","Party mother show particular. Song well truth bit force. Impact would media federal officer. Believe seek husband minute. Upon hear themselves military year.","6162","{'https://placeimg.com/837/481/any', 'https://www.lorempixel.com/304/308', 'https://www.lorempixel.com/127/625'}"
"5","11","2","2000-01-01 12:10:47","Vote worker ability newspaper by price. Today performance thus physical language. Risk record big upon. Set less feeling expert trial pull. Little possible rather wear us whole. Artist against lose appear think politics as herself.","862","{'https://dummyimage.com/816x112', 'https://www.lorempixel.com/419/753', 'https://dummyimage.com/756x530'}"
"15","15","4","2010-03-05 04:31:01","Instead military those course into. Foreign difficult control animal send. Himself ever leg every go new chair.","5306","{'https://placeimg.com/965/960/any', 'https://www.lorempixel.com/923/179', 'https://placeimg.com/846/710/any'}"
"100","3","4","2013-08-04 20:14:57","Security happy this detail land. Loss too anyone society anything stage record. Keep whatever amount speech how gun. History color heart ask. Whose win across senior color situation. Year computer us design state place within.","6740","{'https://placekitten.com/40/126', 'https://placeimg.com/997/1002/any', 'https://www.lorempixel.com/107/839'}"
"60","13","5","2016-05-14 09:57:07","Degree avoid home. Choose around nature professional paper. Huge task another best identify popular lawyer hold. Beyond plant ability boy participant company test pay.","3734","{'https://www.lorempixel.com/353/934', 'https://www.lorempixel.com/803/640', 'https://www.lorempixel.com/465/481'}"
"90","9","4","1983-05-17 04:19:16","Memory long fund business suggest protect painting if. His thing series. Loss natural member. Year traditional focus moment hear when bag.","2262","{'https://placeimg.com/517/259/any', 'https://www.lorempixel.com/946/362', 'https://placekitten.com/313/333'}"
"42","2","3","2015-07-29 05:34:03","Present almost necessary share better result. Fast feel war standard ball concern. Score cultural room meet individual. Hot cover discussion probably. Might hotel again suggest challenge consider live.","2597","{'https://dummyimage.com/27x533', 'https://dummyimage.com/360x554', 'https://placekitten.com/985/337'}"
"85","12","1","1976-03-08 10:07:53","Through dog tax recent field. Decade front speak impact five public. Player bit woman almost find across officer dream. Four hold soon necessary general.","1671","{'https://placeimg.com/905/716/any', 'https://placeimg.com/325/724/any', 'https://placeimg.com/794/348/any'}"
"64","13","3","1993-03-22 21:25:47","My writer would ability option. Way indeed law role song animal impact ago. Yard career beautiful history store natural. Let growth difference view crime to boy.","7005","{'https://www.lorempixel.com/323/960', 'https://placekitten.com/757/1002', 'https://placekitten.com/213/355'}"
"50","16","4","1991-08-06 07:16:30","Although even board. Thank message name rate. Past kitchen body paper ground heavy various. Part fast generation time. Idea finally service whatever again none girl final.","8088","{'https://placeimg.com/15/370/any', 'https://placekitten.com/846/204', 'https://placekitten.com/258/986'}"
"72","5","0","1991-10-31 01:32:29","Possible color painting them consider arm. Own themselves smile bad play difficult. Energy enter be for personal.","7315","{'https://placekitten.com/362/896', 'https://placekitten.com/417/65', 'https://placeimg.com/713/967/any'}"
"26","8","3","1976-03-18 21:53:25","Attention care other any man remain Mr. Relate officer hundred third. Organization forget serve someone cell security. Attack manage sing answer firm realize similar. Situation majority air kid sometimes nature social. Blue agency administration law my guy.","9877","{'https://placekitten.com/735/969', 'https://placekitten.com/415/570', 'https://dummyimage.com/322x112'}"
"83","18","4","1994-06-28 04:52:29","Think between perform quickly. Admit find claim figure else establish. Up far consumer along memory worry money.","8112","{'https://dummyimage.com/39x607', 'https://www.lorempixel.com/441/491', 'https://dummyimage.com/395x725'}"
"65","18","2","2015-10-27 14:13:57","Task win cause describe soldier. Happen deal own make forward personal show value. Manager some phone eye.","5840","{'https://placekitten.com/792/851', 'https://placekitten.com/389/681', 'https://www.lorempixel.com/158/415'}"
"55","3","4","2014-11-23 10:07:39","Dream serious buy involve fish. Wish relate eight necessary. Same their American for task. Left argue set between. Instead paper action every American. Board compare real human animal position.","9581","{'https://www.lorempixel.com/242/452', 'https://placekitten.com/666/799', 'https://dummyimage.com/632x310'}"
"39","15","3","2010-01-08 12:46:28","Bag society employee lot main Mr discuss. Difficult pressure together side strong hot. Chance agent hour and glass local. Firm cultural develop in writer. Treat coach hold support across health probably. Window she TV but.","4215","{'https://www.lorempixel.com/483/380', 'https://placekitten.com/873/824', 'https://dummyimage.com/228x238'}"
"41","11","3","2000-05-06 17:44:45","Data debate seek. Other song fast start project guess chair. Itself appear article can unit newspaper fund. Base give animal camera relationship. Reality government among and bill test after. Tough dream thus.","2570","{'https://placekitten.com/68/55', 'https://placeimg.com/535/348/any', 'https://www.lorempixel.com/19/39'}"
"92","16","3","2014-06-12 12:55:01","Turn effect summer. Story popular still property hand cell. Difference act indeed brother involve air.","699","{'https://placeimg.com/166/748/any', 'https://dummyimage.com/334x428', 'https://placekitten.com/819/611'}"
"9","17","0","1989-02-14 07:54:49","Everybody traditional total business fact blue. Firm budget test participant. Mission people form. Chair general return represent official floor. End smile house whether young.","5412","{'https://www.lorempixel.com/297/971', 'https://www.lorempixel.com/475/514', 'https://placeimg.com/948/281/any'}"
"43","13","4","2004-07-22 15:32:02","Artist report space treatment result say our. Service food father type want drive road. Hospital work course. General today choose board development raise. Recently bed full identify. Simply common close professor.","296","{'https://placeimg.com/36/407/any', 'https://placeimg.com/791/575/any', 'https://dummyimage.com/937x234'}"
"32","13","0","2000-11-12 15:58:09","Debate interest high court. Sport buy brother air more. Result through might build arrive toward. Explain class such law listen floor. Glass man claim on should add newspaper magazine. Specific base authority if law other.","4797","{'https://dummyimage.com/398x1006', 'https://www.lorempixel.com/939/331', 'https://placekitten.com/391/685'}"
"71","13","4","1992-12-11 00:00:14","Response should defense receive development political sometimes reduce. It determine occur American another indicate quality explain. After whole local smile company sense product. Miss option me collection street. Suffer focus anything and size organization vote hospital. Teach them worker head necessary guess.","2060","{'https://placeimg.com/421/982/any', 'https://dummyimage.com/113x39', 'https://www.lorempixel.com/615/660'}"
"36","13","4","1988-12-26 12:06:54","Position point never decide west interesting. Result beautiful sometimes table thus statement answer. Not successful lawyer word reality method or.","8334","{'https://www.lorempixel.com/957/61', 'https://www.lorempixel.com/620/41', 'https://dummyimage.com/41x345'}"
"46","11","1","1979-05-04 02:09:30","Culture reason thing. Avoid fish shake rate while within. Agree rock live red reality. Require sort reflect. Family she mind compare positive white second bank. Daughter field final election institution strategy hot.","1268","{'https://placekitten.com/820/590', 'https://placeimg.com/718/990/any', 'https://www.lorempixel.com/442/622'}"
"70","20","4","1972-05-02 11:54:36","But board every glass third book today. Store account American second somebody successful time. Local lot music house. Interesting move body nor.","4912","{'https://placekitten.com/123/650', 'https://placeimg.com/744/381/any', 'https://placekitten.com/273/324'}"
"87","1","3","2010-01-08 12:44:24","Hit significant none gun space participant. Floor factor pass analysis effect. Spring road hit consumer.","3836","{'https://placekitten.com/959/434', 'https://www.lorempixel.com/476/903', 'https://placekitten.com/920/32'}"
"13","9","2","1995-09-24 09:36:26","Treat coach memory open international. Boy camera owner or notice also mind. Call cost number. He we soon be author paper trial owner.","9977","{'https://dummyimage.com/999x543', 'https://www.lorempixel.com/231/949', 'https://placekitten.com/922/715'}"
"81","6","1","1972-12-24 23:36:51","Stand medical arm. Measure stock brother career long never man. Time meeting employee on them.","3767","{'https://dummyimage.com/674x921', 'https://www.lorempixel.com/840/405', 'https://placeimg.com/18/188/any'}"
"23","6","2","2004-01-02 18:38:12","Walk middle light picture southern heart different. Glass baby if. Skill budget class. Create quickly plant last pay set chair. Break of knowledge voice near matter cup. Want bit huge ask get.","8083","{'https://placekitten.com/628/903', 'https://placeimg.com/687/945/any', 'https://placekitten.com/342/930'}"
"17","1","2","1987-09-29 23:38:23","Perform free study hard. Movie growth address big hope. Less own watch appear mind father and establish. Wife last certainly statement development section perform. House mission here catch factor Mr. Fly car suggest there as attorney and. Stage recognize seven member TV network project.","3453","{'https://placeimg.com/256/65/any', 'https://www.lorempixel.com/758/535', 'https://placekitten.com/945/370'}"
"68","12","1","2013-08-30 09:56:05","Physical three our bag behavior likely. Save guy chance sing. Scientist message many draw mention.","8143","{'https://dummyimage.com/476x413', 'https://dummyimage.com/103x220', 'https://www.lorempixel.com/175/412'}"
"52","10","2","1975-12-09 19:17:49","Notice tough improve particularly surface involve. Travel today study practice executive. Write concern explain serve. Someone company evidence itself must. Must seek environment reveal level than.","3542","{'https://dummyimage.com/199x614', 'https://www.lorempixel.com/61/472', 'https://dummyimage.com/994x74'}"
"34","4","2","1972-02-01 09:21:19","Where matter rise ready. Believe serious develop check street get two early. Green get drug mission them. Right become method hour consumer huge real.","970","{'https://placeimg.com/378/100/any', 'https://www.lorempixel.com/414/953', 'https://www.lorempixel.com/510/966'}"
"62","7","3","2013-11-30 09:56:43","May left camera admit work huge. Couple fact attorney party include. Medical home name personal place green white. Once most despite grow threat.","9068","{'https://placekitten.com/626/238', 'https://placekitten.com/980/258', 'https://placekitten.com/375/816'}"
"95","4","5","2020-03-08 20:02:48","Form side keep condition against road Republican. Sure amount population. Measure never model boy paper. Democrat describe nice sometimes job better hair. Big prevent miss interest marriage address laugh continue.","7193","{'https://placeimg.com/307/613/any', 'https://placeimg.com/594/1019/any', 'https://dummyimage.com/851x146'}"
